INSERT INTO `role` (`id`, `create_date`, `enable`, `name`, `type`, `description`)
VALUES
	('1',NULL,1,'role_admin',NULL,'管理员'),
	('2',NULL,1,'role_purchasing',NULL,'采购员'),
	('3',NULL,1,'role_planning',NULL,'计划员'),
	('4',NULL,1,'role_warehouse',NULL,'库管员'),
	('5',NULL,1,'role_quality',NULL,'质检员'),
	('6',NULL,1,'role_technolog',NULL,'技术员'),
	('7',NULL,1,'role_leader',NULL,'领导'),
	('8',NULL,1,'role_product',NULL,'生产员');


INSERT INTO `user` (`id`, `account`, `create_date`, `enable`, `name`, `password`, `org_id`, `email`)
  VALUES
  ('1','q1',NULL,1,'q1','1',NULL,NULL),
  ('2','q2',NULL,1,'q2','1',NULL,NULL),
  ('3','q3',NULL,1,'q3','1',NULL,NULL),
  ('4','q4',NULL,1,'q4','1',NULL,NULL),
  ('5','q5',NULL,1,'q4','1',NULL,NULL),
  ('6','q6',NULL,1,'q6','1',NULL,NULL),
  ('7','q7',NULL,1,'q7','1',NULL,NULL),
  ('8','q8',NULL,1,'q8','1',NULL,NULL);

INSERT INTO `user_role` (`user_id`, `role_id`)
  VALUES
  ('1','1'),
  ('2','2'),
  ('3','3'),
  ('4','4'),
  ('5','5'),
  ('6','6'),
  ('7','7'),
  ('8','8');


INSERT INTO `data_dict` (`id`, `type`, `type_name`, `value`)
  VALUES
  ('1','position','部位','男装'),
  ('10','name','名称','内胆'),
  ('11','name','名称','胆插袋'),
  ('12','name','名称','手机袋'),
  ('13','name','名称','领罗纹'),
  ('14','name','名称','帽松紧'),
  ('15','name','名称','腰松紧'),
  ('16','name','名称','袖口松紧'),
  ('17','name','名称','帽绳'),
  ('18','name','名称','下摆松紧'),
  ('19','name','名称','下摆绳'),
  ('2','position','部位','男上衣'),
  ('20','name','名称','脚口'),
  ('21','name','名称','口袋1'),
  ('22','name','名称','口袋2'),
  ('23','name','名称','脚口松紧'),
  ('24','name','名称','胆腰松紧'),
  ('25','name','名称','胆脚口松紧'),
  ('26','name','名称','胆绳'),
  ('27','material','材质','尼龙'),
  ('28','material','材质','树脂'),
  ('29','material','材质','铜'),
  ('3','position','部位','男裤'),
  ('30','spec','规格','3#*1'),
  ('31','spec','规格','3#*2'),
  ('32','spec','规格','3#*3'),
  ('33','spec','规格','3#*4'),
  ('34','spec','规格','3#*5'),
  ('35','spec','规格','5#*1'),
  ('36','spec','规格','5#*2'),
  ('37','spec','规格','5#*3'),
  ('38','spec','规格','5#*4'),
  ('39','spec','规格','5#*5'),
  ('4','position','部位','女装'),
  ('40','spec','规格','8#*1'),
  ('41','spec','规格','8#*2'),
  ('42','spec','规格','8#*3'),
  ('43','spec','规格','8#*4'),
  ('44','spec','规格','8#*5'),
  ('45','model','型号','145'),
  ('46','model','型号','150'),
  ('47','model','型号','155'),
  ('48','model','型号','160'),
  ('49','model','型号','165'),
  ('5','position','部位','女上衣'),
  ('50','model','型号','170'),
  ('51','model','型号','175'),
  ('52','model','型号','180'),
  ('53','model','型号','185'),
  ('54','model','型号','190'),
  ('55','model','型号','195'),
  ('56','model','型号','4XS'),
  ('57','model','型号','3XS'),
  ('58','model','型号','2XS'),
  ('59','model','型号','XS'),
  ('6','position','部位','女裤'),
  ('60','model','型号','S'),
  ('61','model','型号','M'),
  ('62','model','型号','L'),
  ('63','model','型号','XL'),
  ('64','model','型号','2XL'),
  ('65','model','型号','3XL'),
  ('66','model','型号','4XL'),
  ('67','model','型号','5XL'),
  ('7','name','名称','门襟'),
  ('8','name','名称','胸袋'),
  ('9','name','名称','插袋');