# ************************************************************
# Sequel Pro SQL dump
# Version 3408
#
# http://www.sequelpro.com/
# http://code.google.com/p/sequel-pro/
#
# Host: 127.0.0.1 (MySQL 5.5.28)
# Database: miwork
# Generation Time: 2013-02-03 09:39:17 +0000
# ************************************************************


/*!40101 SET @OLD_CHARACTER_SET_CLIENT=@@CHARACTER_SET_CLIENT */;
/*!40101 SET @OLD_CHARACTER_SET_RESULTS=@@CHARACTER_SET_RESULTS */;
/*!40101 SET @OLD_COLLATION_CONNECTION=@@COLLATION_CONNECTION */;
/*!40101 SET NAMES utf8 */;
/*!40014 SET @OLD_FOREIGN_KEY_CHECKS=@@FOREIGN_KEY_CHECKS, FOREIGN_KEY_CHECKS=0 */;
/*!40101 SET @OLD_SQL_MODE=@@SQL_MODE, SQL_MODE='NO_AUTO_VALUE_ON_ZERO' */;
/*!40111 SET @OLD_SQL_NOTES=@@SQL_NOTES, SQL_NOTES=0 */;


# Dump of table ACT_GE_BYTEARRAY
# ------------------------------------------------------------

CREATE TABLE `ACT_GE_BYTEARRAY` (
  `ID_` varchar(64) COLLATE utf8_bin NOT NULL DEFAULT '',
  `REV_` int(11) DEFAULT NULL,
  `NAME_` varchar(255) COLLATE utf8_bin DEFAULT NULL,
  `DEPLOYMENT_ID_` varchar(64) COLLATE utf8_bin DEFAULT NULL,
  `BYTES_` longblob,
  `GENERATED_` tinyint(4) DEFAULT NULL,
  PRIMARY KEY (`ID_`),
  KEY `ACT_FK_BYTEARR_DEPL` (`DEPLOYMENT_ID_`),
  CONSTRAINT `ACT_FK_BYTEARR_DEPL` FOREIGN KEY (`DEPLOYMENT_ID_`) REFERENCES `ACT_RE_DEPLOYMENT` (`ID_`)
) ENGINE=InnoDB DEFAULT CHARSET=utf8 COLLATE=utf8_bin;

LOCK TABLES `ACT_GE_BYTEARRAY` WRITE;
/*!40000 ALTER TABLE `ACT_GE_BYTEARRAY` DISABLE KEYS */;

INSERT INTO `ACT_GE_BYTEARRAY` (`ID_`, `REV_`, `NAME_`, `DEPLOYMENT_ID_`, `BYTES_`, `GENERATED_`)
VALUES
	(X'32',1,X'70757263686173696E672D666C6F772E62706D6E32302E786D6C',X'31',X'3C3F786D6C2076657273696F6E3D22312E302220656E636F64696E673D225554462D38223F3E0A3C646566696E6974696F6E7320786D6C6E733D22687474703A2F2F7777772E6F6D672E6F72672F737065632F42504D4E2F32303130303532342F4D4F44454C2220786D6C6E733A7873693D22687474703A2F2F7777772E77332E6F72672F323030312F584D4C536368656D612D696E7374616E63652220786D6C6E733A61637469766974693D22687474703A2F2F61637469766974692E6F72672F62706D6E2220786D6C6E733A62706D6E64693D22687474703A2F2F7777772E6F6D672E6F72672F737065632F42504D4E2F32303130303532342F44492220786D6C6E733A6F6D6764633D22687474703A2F2F7777772E6F6D672E6F72672F737065632F44442F32303130303532342F44432220786D6C6E733A6F6D6764693D22687474703A2F2F7777772E6F6D672E6F72672F737065632F44442F32303130303532342F44492220747970654C616E67756167653D22687474703A2F2F7777772E77332E6F72672F323030312F584D4C536368656D61222065787072657373696F6E4C616E67756167653D22687474703A2F2F7777772E77332E6F72672F313939392F585061746822207461726765744E616D6573706163653D22687474703A2F2F7777772E61637469766974692E6F72672F74657374223E0A202020203C70726F636573732069643D2270757263686173696E672D666C6F7722206E616D653D22E99DA2E8BE85E69699E98787E8B4ADE6B581E7A88B2220697345786563757461626C653D2274727565223E0A20202020202020203C73746172744576656E742069643D22737461727422206E616D653D22E5BC80E5A78B222061637469766974693A696E69746961746F723D22706C616E6E696E67222061637469766974693A666F726D4B65793D22706C616E6E696E67223E3C2F73746172744576656E743E0A20202020202020203C757365725461736B2069643D2270757263686173696E6722206E616D653D22E98787E8B4AD222061637469766974693A63616E64696461746547726F7570733D22726F6C655F70757263686173696E67223E3C2F757365725461736B3E0A20202020202020203C757365725461736B2069643D2277617265686F757365456E747279506C616E22206E616D653D22E9A284E585A5E5BA93222061637469766974693A63616E64696461746547726F7570733D22726F6C655F77617265686F757365223E3C2F757365725461736B3E0A20202020202020203C757365725461736B2069643D227175616C69747922206E616D653D22E6A380E6B58B222061637469766974693A63616E64696461746547726F7570733D22726F6C655F7175616C697479223E3C2F757365725461736B3E0A20202020202020203C6578636C7573697665476174657761792069643D22656731223E3C2F6578636C7573697665476174657761793E0A20202020202020203C656E644576656E742069643D22656E6422206E616D653D22E7BB93E69D9F223E3C2F656E644576656E743E0A20202020202020203C757365725461736B2069643D227465636822206E616D653D22E68A80E69CAF222061637469766974693A63616E64696461746547726F7570733D22726F6C655F746563686E6F6C6F67223E3C2F757365725461736B3E0A20202020202020203C757365725461736B2069643D226C6561646572417564697422206E616D653D22E9A286E5AFBCE5AEA1E689B9222061637469766974693A63616E64696461746547726F7570733D22726F6C655F6C6561646572223E3C2F757365725461736B3E0A20202020202020203C757365725461736B2069643D2277617265686F757365456E74727941637475616C22206E616D653D22E585A5E5BA93222061637469766974693A63616E64696461746547726F7570733D22726F6C655F77617265686F757365223E3C2F757365725461736B3E0A20202020202020203C73657175656E6365466C6F772069643D22666C6F77342220736F757263655265663D2277617265686F757365456E747279506C616E22207461726765745265663D227175616C697479223E3C2F73657175656E6365466C6F773E0A20202020202020203C73657175656E6365466C6F772069643D22666C6F77352220736F757263655265663D227175616C69747922207461726765745265663D22656731223E3C2F73657175656E6365466C6F773E0A20202020202020203C757365725461736B2069643D2270726F6475637422206E616D653D22E7949FE4BAA7222061637469766974693A63616E64696461746547726F7570733D22726F6C655F70726F64756374223E3C2F757365725461736B3E0A20202020202020203C73657175656E6365466C6F772069643D22666C6F77313222206E616D653D22E59088E6A0BC2220736F757263655265663D2265673122207461726765745265663D2274656368223E0A2020202020202020202020203C636F6E646974696F6E45787072657373696F6E207873693A747970653D2274466F726D616C45787072657373696F6E223E3C215B43444154415B247B7175616C69666965643D3D7472756520262620686173536872696E6B616765203D3D20747275657D5D5D3E3C2F636F6E646974696F6E45787072657373696F6E3E0A20202020202020203C2F73657175656E6365466C6F773E0A20202020202020203C73657175656E6365466C6F772069643D22666C6F7731332220736F757263655265663D227465636822207461726765745265663D2270726F64756374223E3C2F73657175656E6365466C6F773E0A20202020202020203C73657175656E6365466C6F772069643D22666C6F77312220736F757263655265663D22737461727422207461726765745265663D2270757263686173696E67223E3C2F73657175656E6365466C6F773E0A20202020202020203C73657175656E6365466C6F772069643D22666C6F773822206E616D653D22E9878DE696B0E98787E8B4AD2220736F757263655265663D2265673122207461726765745265663D2270757263686173696E67223E0A2020202020202020202020203C636F6E646974696F6E45787072657373696F6E207873693A747970653D2274466F726D616C45787072657373696F6E223E3C215B43444154415B247B7175616C69666965643D3D66616C7365202626207265766965773D3D747275657D5D5D3E3C2F636F6E646974696F6E45787072657373696F6E3E0A20202020202020203C2F73657175656E6365466C6F773E0A20202020202020203C73657175656E6365466C6F772069643D22666C6F77332220736F757263655265663D2270757263686173696E6722207461726765745265663D2277617265686F757365456E747279506C616E223E3C2F73657175656E6365466C6F773E0A20202020202020203C73657175656E6365466C6F772069643D22666C6F773722206E616D653D22E5AEA1E689B92220736F757263655265663D226C6561646572417564697422207461726765745265663D227175616C697479223E3C2F73657175656E6365466C6F773E0A20202020202020203C73657175656E6365466C6F772069643D22666C6F77313122206E616D653D22E585A5E5BA932220736F757263655265663D2265673122207461726765745265663D2277617265686F757365456E74727941637475616C223E0A2020202020202020202020203C636F6E646974696F6E45787072657373696F6E207873693A747970653D2274466F726D616C45787072657373696F6E223E3C215B43444154415B247B7175616C69666965643D3D7472756520262620686173536872696E6B6167653D3D66616C73657D5D5D3E3C2F636F6E646974696F6E45787072657373696F6E3E0A20202020202020203C2F73657175656E6365466C6F773E0A20202020202020203C73657175656E6365466C6F772069643D22666C6F7731352220736F757263655265663D2270726F6475637422207461726765745265663D2277617265686F757365456E74727941637475616C223E3C2F73657175656E6365466C6F773E0A20202020202020203C73657175656E6365466C6F772069643D22666C6F7731342220736F757263655265663D2277617265686F757365456E74727941637475616C22207461726765745265663D22656E64223E3C2F73657175656E6365466C6F773E0A20202020202020203C73657175656E6365466C6F772069643D22666C6F773622206E616D653D22E4B88DE59088E6A0BC2220736F757263655265663D2265673122207461726765745265663D226C65616465724175646974223E0A2020202020202020202020203C636F6E646974696F6E45787072657373696F6E207873693A747970653D2274466F726D616C45787072657373696F6E223E3C215B43444154415B247B7175616C69666965643D3D66616C7365202626207265766965773D3D66616C73657D5D5D3E3C2F636F6E646974696F6E45787072657373696F6E3E0A20202020202020203C2F73657175656E6365466C6F773E0A202020203C2F70726F636573733E0A202020203C62706D6E64693A42504D4E4469616772616D2069643D2242504D4E4469616772616D5F70757263686173696E672D666C6F77223E0A20202020202020203C62706D6E64693A42504D4E506C616E652062706D6E456C656D656E743D2270757263686173696E672D666C6F77222069643D2242504D4E506C616E655F70757263686173696E672D666C6F77223E0A2020202020202020202020203C62706D6E64693A42504D4E53686170652062706D6E456C656D656E743D2270726F64756374222069643D2242504D4E53686170655F70726F64756374223E0A202020202020202020202020202020203C6F6D6764633A426F756E6473206865696768743D2234302E30222077696474683D2237322E302220783D223831322E302220793D223331352E30223E3C2F6F6D6764633A426F756E64733E0A2020202020202020202020203C2F62706D6E64693A42504D4E53686170653E0A2020202020202020202020203C62706D6E64693A42504D4E53686170652062706D6E456C656D656E743D2277617265686F757365456E747279506C616E222069643D2242504D4E53686170655F77617265686F757365456E747279506C616E223E0A202020202020202020202020202020203C6F6D6764633A426F756E6473206865696768743D2234302E30222077696474683D2239362E302220783D223333322E302220793D223138382E30223E3C2F6F6D6764633A426F756E64733E0A2020202020202020202020203C2F62706D6E64693A42504D4E53686170653E0A2020202020202020202020203C62706D6E64693A42504D4E53686170652062706D6E456C656D656E743D2277617265686F757365456E74727941637475616C222069643D2242504D4E53686170655F77617265686F757365456E74727941637475616C223E0A202020202020202020202020202020203C6F6D6764633A426F756E6473206865696768743D2234302E30222077696474683D2237332E302220783D223831302E302220793D223138382E30223E3C2F6F6D6764633A426F756E64733E0A2020202020202020202020203C2F62706D6E64693A42504D4E53686170653E0A2020202020202020202020203C62706D6E64693A42504D4E53686170652062706D6E456C656D656E743D22656731222069643D2242504D4E53686170655F656731223E0A202020202020202020202020202020203C6F6D6764633A426F756E6473206865696768743D2234302E30222077696474683D2234302E302220783D223539372E302220793D223138382E30223E3C2F6F6D6764633A426F756E64733E0A2020202020202020202020203C2F62706D6E64693A42504D4E53686170653E0A2020202020202020202020203C62706D6E64693A42504D4E53686170652062706D6E456C656D656E743D227374617274222069643D2242504D4E53686170655F7374617274223E0A202020202020202020202020202020203C6F6D6764633A426F756E6473206865696768743D2233302E30222077696474683D2233302E302220783D2239302E302220793D223139332E30223E3C2F6F6D6764633A426F756E64733E0A2020202020202020202020203C2F62706D6E64693A42504D4E53686170653E0A2020202020202020202020203C62706D6E64693A42504D4E53686170652062706D6E456C656D656E743D227175616C697479222069643D2242504D4E53686170655F7175616C697479223E0A202020202020202020202020202020203C6F6D6764633A426F756E6473206865696768743D2234302E30222077696474683D2239322E302220783D223438302E302220793D223138382E30223E3C2F6F6D6764633A426F756E64733E0A2020202020202020202020203C2F62706D6E64693A42504D4E53686170653E0A2020202020202020202020203C62706D6E64693A42504D4E53686170652062706D6E456C656D656E743D2270757263686173696E67222069643D2242504D4E53686170655F70757263686173696E67223E0A202020202020202020202020202020203C6F6D6764633A426F756E6473206865696768743D2234302E30222077696474683D2239302E302220783D223139342E302220793D223138382E30223E3C2F6F6D6764633A426F756E64733E0A2020202020202020202020203C2F62706D6E64693A42504D4E53686170653E0A2020202020202020202020203C62706D6E64693A42504D4E53686170652062706D6E456C656D656E743D2274656368222069643D2242504D4E53686170655F74656368223E0A202020202020202020202020202020203C6F6D6764633A426F756E6473206865696768743D2234302E30222077696474683D2237382E302220783D223639302E302220793D223331352E30223E3C2F6F6D6764633A426F756E64733E0A2020202020202020202020203C2F62706D6E64693A42504D4E53686170653E0A2020202020202020202020203C62706D6E64693A42504D4E53686170652062706D6E456C656D656E743D22656E64222069643D2242504D4E53686170655F656E64223E0A202020202020202020202020202020203C6F6D6764633A426F756E6473206865696768743D2232382E30222077696474683D2232382E302220783D223934352E302220793D223139342E30223E3C2F6F6D6764633A426F756E64733E0A2020202020202020202020203C2F62706D6E64693A42504D4E53686170653E0A2020202020202020202020203C62706D6E64693A42504D4E53686170652062706D6E456C656D656E743D226C65616465724175646974222069643D2242504D4E53686170655F6C65616465724175646974223E0A202020202020202020202020202020203C6F6D6764633A426F756E6473206865696768743D2234312E30222077696474683D2239342E302220783D223537302E302220793D2237392E30223E3C2F6F6D6764633A426F756E64733E0A2020202020202020202020203C2F62706D6E64693A42504D4E53686170653E0A2020202020202020202020203C62706D6E64693A42504D4E456467652062706D6E456C656D656E743D22666C6F773132222069643D2242504D4E456467655F666C6F773132223E0A202020202020202020202020202020203C6F6D6764693A776179706F696E7420783D223632362E333732333834393337323338352220793D223231382E36323736313530363237363135223E3C2F6F6D6764693A776179706F696E743E0A202020202020202020202020202020203C6F6D6764693A776179706F696E7420783D223731312E333632323034373234343039352220793D223331352E30223E3C2F6F6D6764693A776179706F696E743E0A2020202020202020202020203C2F62706D6E64693A42504D4E456467653E0A2020202020202020202020203C62706D6E64693A42504D4E456467652062706D6E456C656D656E743D22666C6F7733222069643D2242504D4E456467655F666C6F7733223E0A202020202020202020202020202020203C6F6D6764693A776179706F696E7420783D223238342E302220793D223230382E30223E3C2F6F6D6764693A776179706F696E743E0A202020202020202020202020202020203C6F6D6764693A776179706F696E7420783D223333322E302220793D223230382E30223E3C2F6F6D6764693A776179706F696E743E0A2020202020202020202020203C2F62706D6E64693A42504D4E456467653E0A2020202020202020202020203C62706D6E64693A42504D4E456467652062706D6E456C656D656E743D22666C6F773131222069643D2242504D4E456467655F666C6F773131223E0A202020202020202020202020202020203C6F6D6764693A776179706F696E7420783D223633372E302220793D223230382E30223E3C2F6F6D6764693A776179706F696E743E0A202020202020202020202020202020203C6F6D6764693A776179706F696E7420783D223831302E302220793D223230382E30223E3C2F6F6D6764693A776179706F696E743E0A2020202020202020202020203C2F62706D6E64693A42504D4E456467653E0A2020202020202020202020203C62706D6E64693A42504D4E456467652062706D6E456C656D656E743D22666C6F7735222069643D2242504D4E456467655F666C6F7735223E0A202020202020202020202020202020203C6F6D6764693A776179706F696E7420783D223537322E302220793D223230382E3235313336363132303231383536223E3C2F6F6D6764693A776179706F696E743E0A202020202020202020202020202020203C6F6D6764693A776179706F696E7420783D223539372E333930313039383930313039392220793D223230382E33393031303938393031303939223E3C2F6F6D6764693A776179706F696E743E0A2020202020202020202020203C2F62706D6E64693A42504D4E456467653E0A2020202020202020202020203C62706D6E64693A42504D4E456467652062706D6E456C656D656E743D22666C6F7734222069643D2242504D4E456467655F666C6F7734223E0A202020202020202020202020202020203C6F6D6764693A776179706F696E7420783D223432382E302220793D223230382E30223E3C2F6F6D6764693A776179706F696E743E0A202020202020202020202020202020203C6F6D6764693A776179706F696E7420783D223438302E302220793D223230382E30223E3C2F6F6D6764693A776179706F696E743E0A2020202020202020202020203C2F62706D6E64693A42504D4E456467653E0A2020202020202020202020203C62706D6E64693A42504D4E456467652062706D6E456C656D656E743D22666C6F7731222069643D2242504D4E456467655F666C6F7731223E0A202020202020202020202020202020203C6F6D6764693A776179706F696E7420783D223132302E302220793D223230382E30223E3C2F6F6D6764693A776179706F696E743E0A202020202020202020202020202020203C6F6D6764693A776179706F696E7420783D223139342E302220793D223230382E30223E3C2F6F6D6764693A776179706F696E743E0A2020202020202020202020203C2F62706D6E64693A42504D4E456467653E0A2020202020202020202020203C62706D6E64693A42504D4E456467652062706D6E456C656D656E743D22666C6F7737222069643D2242504D4E456467655F666C6F7737223E0A202020202020202020202020202020203C6F6D6764693A776179706F696E7420783D223537302E302220793D2239392E3735223E3C2F6F6D6764693A776179706F696E743E0A202020202020202020202020202020203C6F6D6764693A776179706F696E7420783D223532332E302220793D223130302E30223E3C2F6F6D6764693A776179706F696E743E0A202020202020202020202020202020203C6F6D6764693A776179706F696E7420783D223532352E343434343434343434343434352220793D223138382E30223E3C2F6F6D6764693A776179706F696E743E0A2020202020202020202020203C2F62706D6E64693A42504D4E456467653E0A2020202020202020202020203C62706D6E64693A42504D4E456467652062706D6E456C656D656E743D22666C6F773135222069643D2242504D4E456467655F666C6F773135223E0A202020202020202020202020202020203C6F6D6764693A776179706F696E7420783D223834372E373633373739353237353539312220793D223331352E30223E3C2F6F6D6764693A776179706F696E743E0A202020202020202020202020202020203C6F6D6764693A776179706F696E7420783D223834362E373336323230343732343430392220793D223232382E30223E3C2F6F6D6764693A776179706F696E743E0A2020202020202020202020203C2F62706D6E64693A42504D4E456467653E0A2020202020202020202020203C62706D6E64693A42504D4E456467652062706D6E456C656D656E743D22666C6F7736222069643D2242504D4E456467655F666C6F7736223E0A202020202020202020202020202020203C6F6D6764693A776179706F696E7420783D223631372E302220793D223138382E30223E3C2F6F6D6764693A776179706F696E743E0A202020202020202020202020202020203C6F6D6764693A776179706F696E7420783D223631372E302220793D223132302E30223E3C2F6F6D6764693A776179706F696E743E0A2020202020202020202020203C2F62706D6E64693A42504D4E456467653E0A2020202020202020202020203C62706D6E64693A42504D4E456467652062706D6E456C656D656E743D22666C6F773133222069643D2242504D4E456467655F666C6F773133223E0A202020202020202020202020202020203C6F6D6764693A776179706F696E7420783D223736382E302220793D223333352E30223E3C2F6F6D6764693A776179706F696E743E0A202020202020202020202020202020203C6F6D6764693A776179706F696E7420783D223831322E302220793D223333352E30223E3C2F6F6D6764693A776179706F696E743E0A2020202020202020202020203C2F62706D6E64693A42504D4E456467653E0A2020202020202020202020203C62706D6E64693A42504D4E456467652062706D6E456C656D656E743D22666C6F7738222069643D2242504D4E456467655F666C6F7738223E0A202020202020202020202020202020203C6F6D6764693A776179706F696E7420783D223631372E343235313936383530333933372220793D223232372E35373438303331343936303633223E3C2F6F6D6764693A776179706F696E743E0A202020202020202020202020202020203C6F6D6764693A776179706F696E7420783D223631372E302220793D223333362E30223E3C2F6F6D6764693A776179706F696E743E0A202020202020202020202020202020203C6F6D6764693A776179706F696E7420783D223233392E302220793D223333362E30223E3C2F6F6D6764693A776179706F696E743E0A202020202020202020202020202020203C6F6D6764693A776179706F696E7420783D223233392E302220793D223232382E30223E3C2F6F6D6764693A776179706F696E743E0A2020202020202020202020203C2F62706D6E64693A42504D4E456467653E0A2020202020202020202020203C62706D6E64693A42504D4E456467652062706D6E456C656D656E743D22666C6F773134222069643D2242504D4E456467655F666C6F773134223E0A202020202020202020202020202020203C6F6D6764693A776179706F696E7420783D223838332E302220793D223230382E30223E3C2F6F6D6764693A776179706F696E743E0A202020202020202020202020202020203C6F6D6764693A776179706F696E7420783D223934352E302220793D223230382E30223E3C2F6F6D6764693A776179706F696E743E0A2020202020202020202020203C2F62706D6E64693A42504D4E456467653E0A20202020202020203C2F62706D6E64693A42504D4E506C616E653E0A202020203C2F62706D6E64693A42504D4E4469616772616D3E0A3C2F646566696E6974696F6E733E',0),
	(X'33',1,X'70757263686173696E672D666C6F772E70757263686173696E672D666C6F772E706E67',X'31',X'89504E470D0A1A0A0000000D494844520000038200000123080600000067D6BF030000391F4944415478DAEDDD0B5C5475FEFFF1F357B735D7CACC8A357F1BAD96D6BA9B152184A528296D58D65AEB6E6656DE4ACD4B565E4A2BBCA3B2A9A82968595E3325B1344DF192E205AF784151D1D04CC9BC22EA289FFFF77B18880144AEC3CC9CD7F3F1F83C188733237CCF97EF7CDF73CE9CAF6100000000000000000000000000000000000000000000000000000000008A4F442A474444F469D7AEDD365F5FDFF4CA952B8BBE9B2A5C55AC5831A376EDDAA9010101DFAAAF81F428000000002E2D2A2AAA4B6060609AB7B7B784867E2CB1B12B243DFD82CA861954214BB7575CDC3A090B1B2975EBD6BD54B366CD6DAA69EBD3BB00000000B89CC8C829D15E5E5E121E3E466CB64B2AD45CA54AA1C68D1B2BD5AA55BB50A54A9567E965000000005C2A04D6A95347E2E2D6AAF072852AE54A48D82E356AD438AB9A3A84DE06000000A0DC45454DEEA28F04C6C5FDA8428BCDA1264F9E202121C1D2A2453369D6ACB13C191428E3C686E7D98EBA7E25246C931B6FBCF194C169A200000000CA93BE304C6060E3B4F0F051EAE665879A3675B23CFDCF16F2AFE75B9AD532E429090A6A22FEFE8FCA58330C5EA68A586161C34F56AA5469053D0F00000040B98988F8A48FB7F7DD62B3A5A9A072C9A1825B049901F0C92703B3AB79F3A612F0584315067DF36C4F15AEAA57AF9EA29ADE8FDE07000000A05CB46BD7765B68E82015502EE6A946017E3266F4708959F8B5448C0F378F043EDEC8DFBC5FDFB6D9CEE7FB38AAE0EADEBDEB26D5F461F43E00000000E5C2D7D7273D36F67B1550D2F3D4EBAFB79363475364CDEAE5B2F8BB6F64FAE79112BD60AEEC4F4A9437DFE82057AE9CCFF77154C1B56AD5B29F55D36FA2F70100000028177AB1F8F4F4932AA0A4E5A901FDDF95F571AB65C3FA35B265F346B3F4ED0D1BD6CA8001EFE6FB18EAFAA5DB5B35BD8DDE07000000A0BCA870723E4FD96CA7A57FFF3ED2A9637BD9B8719D24ECD86AD6E6CD1BA47BB7CEF276EF6E72F1E2C97C1F4B5DBF74BBD3F5000000009463103CE750972E9D9479F3BE105FDF872569DF1EE9DDAB9B43C5C7AF179F471AC88C2F23253D3D35CFE3A9EB174110000000403907C1B3D995917146167E335B1EF3F79503497B65C7F62DB26CE9B7B260FE1C9939E333899C324185C499E669A20D1B3E22B3674F932B574E393C0775FD22080200000028E7207826BBD6AC5E62AE15A8C3DF8A154B65FED7B3CD00386DEAA73269E258091F3342860DFDC8BC70CCC4099F4893C68DE4DB45731D9E83BA7E1104010000009473103C9D5D03FABF635E195407BEA8C889667D3A699C8C1B3B5A46850D95218307C9C00FFA4A9FB7DF924103FBA910B840DEE9D3C3E139A8EB174110000000403907C153D9A583A05E2AE285D6CFC9AC999F9B015087C211C3436570E840193962B0190675380C793A58967EBFC81E044F514528822000000080720E82BF65D7B66D3F4ABFBE6FCB8B2FB432839E3E2534BFF2F3F39197DBB6318F0EC6C7AF72780EEAFA45100400000050CE41F0A443D92E1F97F3E753246CE44712DCA2A9340A6828FEFE8F8A5F431FF15701B0F11301D2B347173973E6B0B96DEEC753D72F822000000080720E82BF524E2E822000000080720E82A994938B2008000000783E2F551D544D5115AB2A49D5397B1828F712394139B908820000008067AAA4AA8DAAC5AA92557DA1AA8BAA46AABCEDDF77052A981CA79C5C0441000000C0F3D457B5D5C83CFAD7DA8542DF3582E02F94938B200800000078966023F308605B37F9795530394639B9088200000080E7F05175CCFED55DA860F2B3536AC182A9327EFC10B97AF588AC5DBB50B66DFB4176EC582EDBB72F97F8F825929CBC217BDB69D3C2E5CB2FC7CB8C19113273E604F3ABFEF79C3993AEF9FCDF7F3F4B8283030BFC193EFEF89DECFFF7EBAF23CDFB7AF7EE2C870E6D745A3BE82208020000009EA1B2AA14C37D8E04E6088247CBBCAE5E4D111F9F07C5CFEF6115F8D64B870EFF95EEDD5F936AD56E968E1D5F9237DE68A782D994ECEDAB57AF2613270E77A831633E943A75BC1D9EB76DDB7F49972E2F4BB76EAFCA4B2F3D2F7FF84325F3B6BEEFF5D7FF236DDA3CEBB07DD3A601B26FDF8F121D3DD5DC4EDFD7A0C1DFE4ECD9BD4E6987AC2208020000009EA18FAA1837FCB955303952E63566CC2079F7DD3765D9B25966984B48582E8989ABA4468DEA9294F4A3793BE7F6FAFEA953473B5444C410A95DFB6E87ED6EBAA9AAC4C77F67565CDC4279EBADD764F5EAAFB3EFFBD39FAA98DB1D3EBC41BEFC729C3CF8E0033262447F898A1A25BD7A7534BFF7D043F5252D2D494E9FDEE394B6D0451004000000DC9FBE188C3E1A18EC9E4130A54CEB9B6FA68A8FCF3F64FCF8C1327DFAFFCC80D6BDFBAB121212249D3ABD64D6CD375775788C0E82D3A68DC953B3674F900D1B62B2B70B0D7D47162DFA4C962F9F2D2B577E65063F1D04F5ED254BBE94050B22CDED121357CAB0617DA55EBD3A66009C3061A804053D2E73E64C3083E0FAF50BA56EDDDA929ABABDCCDB43174110000000707F7E46E605622AB9E1CFAE82C94F655A69697BE5A79FD6AB3016AB825C84795F8F1EAFC98A15B365C89077E5D0A138A955EBCF0E8FA959F34E1931A29F8C193350C2C307C9E8D11FC8C891FDA54F9FCE72C71DB7C9D9B3BBCDED0E1E5C2B77DDE5657E4FD72DB7DC947D5B3FA7FE3F733EEF534F05CADAB50B64E6CC71E6ED9898692A08FE4D1A37F693E4E47565DE1659451004000000DC5F5F2373B17877A482C9E132AD73E776CBBDF7DE6306AE871FAE2FCF3F1F6C06C1D8D839E2EBDB405253B7CAFFFD5F4D87C76CDFBE44E6CCD1178A196BD6ECD9E3CDB01611112A478E6CC8DE4EDFD641302C6C80593A0866DDD64130296995B95D7AFA3E59BCF873F3E768D8F02199387188F4EAD5C1FC9EFEB94E9CD852E6ED90B3088200000080FB5B60B8DF45627204C143655A1919C92A88ED356F8F1A35403EFB6CB4BCF5D6AB2A08CE96BFFFBD9EF97D7D04507F7FD1A2A9F2E28B21D2AEDDBFE4D5575F70281DF25AB7FEA7FCFBDF21F2DD779F99DB1F39B25EEEBBEF1E59BD7AAE59B7DF5E3DFB76BD7AB555105C696EB77061A4B468F184F9FFEDDB176BFEBB57AFD7CDEFE9209896B6A7CCDB2167110401000000F797A0AA81FB06C1E432AF2D5B16C94B2FB5121F9FBFCBA54BFBE4FDF7BBA9D0176586B0D3A77748D7AEEDE4EAD503929ABA4576EF5E26AB56CD9137DF7CD90C7259A52F14A303DEAE5D4BCDEDF4F3A6A4C499571E7DF1C5A7CDBAF1C6CAD9B76FBDF516D9BB7785B95D46C641F3EB534F35710882C9C96BEC4170B70A95714E690B5D0441000000C0FDA5AAF272C71FFC8F7FBC21233D5D1F0D3B58E6F5CC3341D2BBF7EBE6ED9494751218E82F9191C3A563C736D2A1C3BFE5C285DDD9DBEA9FC9CBEB76D9BF7F65F67DFA08DF9123EB1C9E533F8F7EFCD5ABFBCDD24716B36E4F99324C8E1DDBE0B07DB3668FA920B842264F1E6A3E7FAF5EAFC9238FD497254B3E93468D7C242626B2CCDB41FD9E8754D3DBF8B301000000DC9BDB1EDDB9FFFEDABFC4C6CE5401E54099D79E3D4BA56BD79765C1824952AB96977CF65998797F46C67EF3FE458B221DB6FFEDB72DE6D78484C51210F08879DAE7F9F30905FE1F99571FCDFF7B3A6CEAA078F2E4668988F848264E0C35EF9F3A7584BCF2CAF332706077B97C796F99B74374F4A445AAE937F167030000001004CBC5E38FFBCC0B0DEDA502CA7EA755464692A4A7EF2AF4F636DB5ED9BCF91B494B4B2870BBAB57F7C9E4C943AEF9FDA2FC9F65592D5B369DA99A3E8C3F1B0000008020582E6AD5F2F2AD55EBCECB365BA20A29495499D7FEE40A152AEC3232971C0100000040102C1F356BDE191F1EDE5F85947D5419574848E064D5E4CBF89301000000DCDF31C34D2F166357EF965BAAA6C5C5CD5161652F5546151B3B3DDADE57EAF32703000000B8BF6455DE6EFE3B04DD71C76DA733C3602255CAA54360850A150EA8760EE1CF050000002008BA5418BCE1863F9C193AB4D7499B6DA70A307BA89257B2FD74D06384400000008020E8AAEA55AC58F1FBAA55AB9CE8D4A9F596254BA61C4B4FDFAA02CD6EAA9075E1C29643D1D1E316B56C1938D37E6118FD99404E07050000003C8C5E13CEC7C37EA706AA4255AD51956E645E10872A5CD9EC7D422F11C1D541010000000F15ABAA09CDE05431F6D05589A6000000004010F47CFA289BCD1E0483690E000000000441CFB7C0F8FD34CC4D340700000080F20A26AD6806A7D09FC5B4198E9FC9E36A9C000000009C6E9AAAF6348353C418792FCEA28F0AF259410000000004410F94DFD1C0ACE2882C0000000082A0075A6C5C7BC986389A0700000080338D53D58D662853051D0DE4B382000000009CEE437BA1ECC418D75FC89D2B880200000020087A38A109000000001004098200000000401024080200000040E9EBAB6A18CD401004000000601DED8DCC252440100400000040100441100000000041100441000000000441100401000000B89736AA66D10C044100000000D6D144552CCD401004000000401004411000000000411004410000000004411004010000001004411004000000E0DAEAA9DA43331004010000005887B7AA649A81200800000080200882200000000082200882000000000882200802000000703B5EAA8ED10C0441000000008412D0E6000000000825A0CD01000000104A409B030000002094803607000000E0FAD25555A619088200000000AC432F1FE14D33100401000000100441100400000040100441100000000041100441000000000441100401000000B8B638557E340341100000008075C4AA6A423310040100000010044110040000004010044110000000802758A62A8866200802000000B08E69AADAD30C04410000000004411004010000001004411004000000E009A6A8EA403310040100000058C787F602411000000000411004410000000004411004010000001004411004000000E05EFAA80AA319088200000000ACA3BD91B9840408820000000008822008020000002008822008000000C0EDB556F595FD765555DEAABC6816822000000000CFA083DE5655C9AA52ED8124BFFA90A6220802000000F01CA10504405DE75455A3990882000000003C873E2A78AC8020C852120441000000001EA8E7354260BAAA1A340F411000000080E7D14705F3FB8C60384D431004000000E0B9DAE613041BD02C0441000000009E6D6B8E10F815CD411004000000E0F99AE408824D680E8220000000006B885365A319088200000000AC23886042100400C0F35F7D452A474444F469D7AEDD365F5FDFF4CA952B17B4B0B2E5AB62C58A19B56BD74E0D0808F8567D0DA49F50F41FFA13FDA74482EDBF5F30AFC88035C7495E1B8172101515D525303030CDDBDB5B42433F96D8D815929E7E418D3D19D4354AB74F5CDC3A090B1B2975EBD6BD54B366CD6DAA29EBD34F28FA0FFD89FE5364FAE8EB292373990EFD35845766C07AE324AF8D809345464E89F6F2F292F0F03162B35D527F8857A962D4B87163A55AB56A17AA54A9F22CFD84A2FFD09FE83F450E8159E14F1F114C250C82F919E3A4D55E1B01A70F3275EAD491B8B8B5EA0FEE0A55C24A48D82E356AD438EB691318FA09FD87FE44FF715208BCDEFD00F333C6360025151535B98B7EA7292EEE47F5876673A8C99327484848B0B468D14C9A356B2C4F0605CAB8B1E179B6A3F25642C236B9F1C61BF504A63EFD84B27AFFA13FD17F0A107C9DB097F57D3E3308E667161F273DFDB5D1CA6AA9EA66642ED89BA4EA9C91F981D17455C9AA16A8EA63DF0EA5447FF03830B0715A78F82875F3B2434D9B3A599EFE670BF9D7F32DCD6A19F294040535117FFF4765AC39D85CA6AE536161C34F56AA546905FD84B272FFA13FD17F0A1102AF17F2383208E6678C931EFDDA68D55CD54AD532FB0F3945556B55F55455B57F5F7FF5B60FFEE1F6ED6255B5651F975C44C4277DBCBDEF169B2D4DFD715D72A8E01641E600F3E49381D9D5BC79530978ACA11A6C7CF36C4FE55FD5AB574F514DED473FA1ACDA7FE84FF49FEB84BBE032DA1E609C646CB39AAC5C956E14FE2AADE592AB74B85BAC2AC11EF22A15F11DC44DAAD6A8AAC33E2FBE76EDDA6E0B0D1DA4FEA82EE6A946017E3266F4708959F8B5448C0F37DF697ABC91BF79BFBE6DB39DCFF771946375EFDE55F7D530FA0965D5FE437FA2FF1410EA428AF1B8738441303FB3F638E989AF8DA594AB4AB26C87D372551B55C78CCC4392954AF03CDDECCFC3D1C162F2F5F5498F8DFD5EFD51A5E7A9D75F6F27C78EA6C89AD5CB65F177DFC8F4CF23257AC15CD99F94286FBED141AE5C399FEFE328C75AB56AD9CFF6372EE8279425FB0FFD89FE534A21B0B41E0F304E32B679129DAB5273853A9B3D187630323F4F59C3BE6D3523F3CC4BFD187DDA68EE2387E7CA3A57E9815B9F9B5A5A87731BD89FAF03FDA0E8F462A4E9E927D51F555A9E1AD0FF5D591FB75A36AC5F235B366F344BDFDEB061AD0C18F06EBE8FA1F2966E5FFB1F24FD84B264FFA13FD17F72B8DE85619CFD3C00E324639B3B0BB1B743CE00A88F947A17F2F15EF6ED6DB9026199E4AA36F6D0E65DCACFEB6D7F5E8E0C169DFA833A9FA76CB6D3D2BF7F1FE9D4B1BD6CDCB84E12766C356BF3E60DD2BD5B6779BB7737B978F164BE8FA5F296FD8F8A7E4259B5FFD09FE83F39C35B699DD6C99141303FB3F038E981AF8DC5C9553903DC1EA3F85753D58F4BC815064B3557E9B0A64FE32CAB0F7636B03F7F3DC68EA20E34E71CEAD2A593326FDE17E2EBFBB024EDDB23BD7B7573A8F8F8F5E2F3480399F165A4A4A7A7E6793C95B73C2308D24FE83FF427FA4F89435B5608FC7FAA5EB17F2D8ADC8FE30232607E66D171D2E24150E7AA9CA783EACFF7D528E173EAD34697198EA789965AAED24FDCA78C1BA59BBD2150A481E66C7665649C9185DFCC96C7FC7DE540D25ED9B17D8B2C5BFAAD2C983F4766CEF84C22A74C5083D04CF33484860D1F91D9B3A7C9952BA71C9E83CA5B9E1104E927F41FFA13FDA74421302447988BB2FF5C51450883D77A1C6110CCCF2C384E5A3C08E60C6C7B4A2104E60C8309B9026689B5B23F69652734CC568353448B38D09CC9AE35AB97986BD1E8C165C58AA532FFEBD9E600336DEAA73269E258091F3342860DFDC8FC60F2C4099F4893C68DE4DB45731D9E83CA5B9E1104E927F41FFA13FDA7C421507BC5703CFDA83061306708CCAA7639BECF6706C1FCCC62E3A48583602BC3F13381F54BF9F9EB1B8EA79C9638572D73E2E01C647054B08803CDE9EC1AD0FF1DF3CA537A40898A9C68D6A793C6C9B8B1A36554D850193278900CFCA0AFF479FB2D1934B09F1A6416C83B7D7A383C0795B73C2308D24FE83FF427FA4F915C2B9CE517EA0A0A83F96D1F99CFF67C66108C93161A272D1C04731E0D2CAB25348619A5745450AF58AF2FE452C9890DA4179DF7B6F800A23B49A3C20D34A7B24B0F34FA52C42FB47E4E66CDFCDC1C60F4A0336278A80C0E1D2823470C36071B3DF8843C1D2C4BBF5F641F684E5105940B0F56F413FA0FFD89FE531AFBF45A2130B808E12EBF3058D810983B0C729A2818273D7C9CF4C0205898BE512BC7D13A9BFDDF65415F4D34E7D212C5CE55FA737B139DDC903A1DF7B1F84093B5E374A7F22B78A0F92DBBB66DFB51FAF57D5B5E7CA1953990E8530EF22B3F3F1F79B96D1BF3DDA7F8F8550ECF41E52D171EACE827F41FFA13FDA734F66971C2D8F5C260514360CEFF3F952383609C5CC5D8E6797DA35B8EED62CAF8E7F92AC7FFD5A7244FD2DAC90D19E284C67197CE94558BAFF12E83FA633AE950B6CBC7E5FCF914091BF99104B7682A8D021A8ABFFFA3E2D7D047FCD500D3F88900E9D9A38B9C3973D8DC36F7E3A9BCE50641907E42FFA13FD17F4AB24F7387C0C286B06B85C10AC50C81B98F481206C138C9D8E6497D2367386B5FC63F4F9BD2089DFA34CD3A4E6E486F55290C34F956EEC3CEEA8FE957AA8CCB8D8220FD84FE437FA2FF14679F162704161406F796200496F4E7011827796D74D5BE9194E3FEFA65FCF3D4CBF17F153B57E93528AA3AB921F5FF97CE405360E97719FC32079A54AA8CCB0D8320FD84FE437FA2FF14659F96F4085C7E61B02421307718E43383609C646CF384BE7121C7BF6B94F1CF532DC7FF955E925FCA151B93B297C809AA8C8B7E4259BDFFD09F2CD17FC24BF8BA5D219F23817BEDF7974438AFF514E324639B0796B3F31447043DE05D854DF6776C2BFD7EEAC171AA8CCB0D8F08D24FE83FF427FA4F51F6E9F5AE125A9223824559749E2382609C646CF3E4BE71CEDD8E08F21941D7E84CB90718E3F781E617AA8CCB8D8220FD84FE437FA2FF14679F6685AE7346D97C46B0386190CF08827192B1CDD3FA86DB7D4690AB86966F678A53D5CAB8F63A8EEA8FE9984BD6B973FB65F7EED5B268D117327CF80079E9A5E7E5FCF903D9DF3F7264AB1C3E1C6FD6C1831BCCFB264D1A29B3664D74B9DFC50D82A04BF7139B2D45366D5A223B77AE94848458397060BDAC58314FD6ACF946E2E216C9DAB50B65D9B23972F66C92C3E3E2E3BF9739733E2DD2FF357FFE54E9D5AB13FDC762E3CEE5CB3F497070A0D9D7B2EEEBDEFD7559BC78669E6D972E9D2DC78F2798FDEDCA9523669D3AB537FBFBEFBEDB554E9CD8E929FDA7B0FBB4B847E0AEB544447E570D2D4A18E4AAA1609C2C62B9DB6BA60707C182FA86DB5D35947504CB4741EFDAE61A687E76999A346984FCE52F77C99FFF7CA73CF0C07DF2CC33CDA5478F0E121EFE917CFEF9279294B42E7BDB808047A565CB27A555AB60B9F3CEDBCDFB82821E57E1205A4DCA12D5446D870A93492EF17BB9F060E516FD242DED80BCF2CA8BD2B1E34B52B3E69DF2E38FDFC8DB6F77914E9DDA4AB56A374BCF9E1DA573E797E5E8D1AD0E8FDBB6ED07F9EB5FEF96B9733FBDE673FFFCF356F1F37B449E78C24F9A34794C1E7AA8BEFCE94F55CCDB8F3FDED0FCDEB469E1F41F0F1E77B2AA4E1DEFECDB870F6F32C7A0A79F0E920B170E3A6CA7DF6C0A0C0C30C720DD6F1A37F697DB6FBF4D7EF861AEAC5CF9B5F998B367F7B9CCEF55C2FE53D87D5A9C2371D75B27B0B08BCEE7E663B08E2018278B5CEEF69AE98141B0307DC3EDD611D42BDE2717F145A4A4F461536FC69AC2BDFB2072D465EAE2C564193EBCBFFCFAEB4E35D98F96909020F3FE55ABBE36275D6969FBB3B7D583D0BA750B65F1E22FE5D1471BC8E6CD4BA476EDBBCD60A84B4FEA66CE8C7089DFCB0306AB726FC31933C69B7DA373E7B6E6BF4F9F4E34F7F9BFFEF5B4D96FCE9C49CCF7716BD62C909B6FBE49525313F2FDFE91239BE5C1071F908C8C23667DFAE908D9B2E57BF3F6D5AB29929E7ED02CFA8FE78E3BBB76C5CA6BAFB5915B6EB9C9FCBA77EF1A73EC59BD7ABE0A76F3E495575E5061F080C36374DF68D6AC91ECDFBF4EE2E3179B13A0A8A8D13275EA18F30DACB367F7BACCEF574EFDE77A47E40ABB587C51C360D6E9A9AD787907E364D1CB9D5E333DF0B5B1B0B9CA66FFDD6DF67F97052F23F3738159ED5CA25CB5CC89EFCCE91781358C1F4519688EB85475EAF4924C9830540E1FDE200D1B3E2457AE1C36BF4E9D3ADA61BB279E68688683D0D07754107C509A376F2C5F7F3D45F6ED5B637EBF478FD765C1824897F89D3C2308965FFB5DBC78507EFA69A3D4AD5B5B962F9F23274E6C977BEFBDC79CACEBA3C24D9AF89B4783F37BAC7E91D26F100C1BD62FDFEFFFFCF316B3FF74ECF85F090E6E628681C0C0C7E4B9E782CD09BD7EEEF8F8EFE83F1E3CEE9C3EBD47BEFBEE0BB9E38E1AE6BE7EEFBD37E5E9A79BC99021EFC9E0C1EF9A6F3EDC73CF5F64C58AB9F2DB6FBBE43FFF69250909CBCD3E376FDE641938B0971904A74FFFC41CA7328360A2CBFC7EE5D87FAE7564B0B021B0A86130EBFF23048271B298E54EAF99160D8259B92AEBF70F2BA3FF63588EFFA3C4B94A0FCA0986738E0AEAC3AA6D193F8A32D0A4B854EDDCB95C76EC58A626FF07A45FBF6E929ABA5D66CE1C9F673B1D04BFFA6A920C1FDECF1C940E1D8A93B1633F960103BA9BDFD793B7C58BBF7089DFC9338260F9B5DF9A35F3A569D300B9E9A6AAE691617D24E66F7FBB4FCE9D4B3403FFAE5D2BE4A9A702F37D6CA3468F9A8F7FE491BFE7FBFD8307D799DB6464FC24DDBAB597295346CAA2459FA9C0393B7B1BFD3DFA8F678F3B13270E95BBEEF29275EBA2E58D375E96E4E43873FC58BA74A6A4A46C34FB5062E24AB1D992D54469B8FCEF7F1F9A413026669A0C1DFA9E0A82BE2A08FECF1E049F5441708FCBFC6EE5DC7FF491C1DCA769BE62147D9DC0FCC260BB5CFF0F9F0904E36409CB9D5E332D1C045BE51807F551C1D2BE684C7DE3F7A38E525AB92AD628FBCFED75B3A7D64A8C1F4519687E7289DAB265B139B8346B1620CD9B3F212D5A34960A152A98EF38E9DBFAFE80001FD9BB77A5B9BD0E829F7D364685BF8FCC20A8EF7BF6D9E6E680B474E90C69DFFE0559B972AE4BFC6E9E1104CBBF1D1B34F89BCC983156060F7EC70C82BFFD9660DEB76BD7727B1074DCFEC71FE78B8FCF3FCCDB2FBDF49CAC5E3D2FCF369B377F27CF3FFF947CF7DDE772C71DB7C9A449C3CCE76AD3E61999306188CC9E1D41FFF1E071475746C661738CD1A7933FF6D823B270E154993B77A2BCF5D6AB66DFD2FD6DDCB88FF33C468F49F3E74F96B0B001E6D8A583605454983D08EE7699DFCF05FA4FEEA5257286BAA22C167FADC7B14404989F9542B9DB6BA685836056AECA6A833D46E92D25A1978C48301C8F06964AAEF256754C955F19354803FBF3D763EC28EA4073D825EAD2A5FD72EA54825CBC98A402DE6879F5D517A57AF56AD2A54B5B59B56AAE5CB97250CE9FDF637ED5DBEB09DBA851EFCB975F7E6206C1234736A881AB95AC5831DB7CAC1E94366CF8C6257E37CF0882E5DF8E0D1A3CA0C2DF0EF3F67DF7FD55929256996F1AECDAF5833991CFDD9F1E7AE86F121333D5FCF70F3FCC145FDF0672F56AB2C37673E64448F7EEEDE5D0A1756A221F2EDF7C1329FFFDEFB3D2ADDB2BE60BDDEAD55FD17F3C78DCD1356DDA28E9D7AFABD4ADFB57B31FECDCB94C5E79A5B519FEF4581418E82FC9C96BB3B7DFBB37567AF4784DFCFD1F968913874864E44873F23479F270F3DFBF07C1C38C3FBFCB7D9AA80E71ED8CA22F0991F371D58C92AF5F08304EBAE96BA6C583A0CE55A9B9025B49C3A01E53739E767AAEB47395BE0C69B251FA1772F1B63F2FA784166BA039E452B57061A4F9CEFC89135BE4B6DB6E55835392040535B2BF3BBF2C7BBBB8B805F2ECB34FCA9429C3D580B456A64E0D93A64D1F332768FADDF9E79E6B213B762C7189DFC9338260F9B7636610DC6EDE7EE38DB6F2DE7B6FC8E0C17D64F1E2CF65C488BED9DB656424CBABAFBE20AFBFFE6F87C73FF9E4E3D2A64D4B494FDF9B7DDF9B6FBE2C93260D950103BAC99021EF98CFA3FB9BEE3FC386BD271F7ED8D3EC6BF41FCF1D77929256CAF1E39BCD20A8FF7DF9F27E09096926FBF7AF5293A119D2A4899FC3F6E3C77FAC42E24772E4C87A79FAE9A66658FCFCF3D19290F0BD0A914BED417097CBFC7E2ED47F4A735D3F3D61F9CDE07450303F2B71B9EB6BA6C5836056AECA790AA73E3258DCD344F5E3721E092CB55342736B6F0F6DA57564B081FDF9FA326614DD1FFF7843467ABABEA84172B95772F21A69D5AAB9DC7F7F1D35015B69DE77EBADB7985FD3D276AB01A78FF9A1E465CBBE34EF9B3E7D8CFCE73FCFC8D6ADDFCA3FFE514F05C7CDD9CF75F5EA01F1F37B480E1E5C5DEEBFD7850B7B0ED9FF50E92725289B6DBFDC7BAFB70A82DBD4247BA78C1E3D40EAD5AB2DBB762D353FD81E1535C2DCEED4A9EDE60B923E8D58B5BDC373A4A66E311F73F7DD77C9B1631BCD6DF551671D0466CEFC44A2A327CBA24551E60B9F0E9AFA4D89AFBE9A207BF7AEA0FF78E8B893B3EEB9E7FFE4CC990489898992E5CB67486CEC2C73B2A3273EBA2F9C3BB7CBDCAE61C3069298B85C3EFD74A8D9D7F4637C7D1F94B97323CCEFEB37A4741F7585DFC905FB4F698541FD3C69AACEA8AAC3AB39989F15AFDCF535D3135F1B4B90AB7286417D5B5F40C6AB908FD7DB0DCBF51C52D6B94A27587D38537F66B024E79DEACF041E33CA7E41458F75FFFDB57F898DD50B261F2CF73A7366878485F553A16F97F9EFCB97F749E5CA7F74D8E6D4A96DE6D763C73648CB96CD5428D86AFE7BD5AAD972FAF476F3765CDCD7E684CEC7E7EF2A3C2495FBEF151D3D699191791123FA4909EA9D773AC9E38F3FAA06FFDD66C8EFDCF9BFF2EBAF9BCDEF1D39B24E1E7EB8BEFCF2CB46B9722549264F1E9ADD8FF2EB67FA054CDFDEB163B1BCF6DA0B79B679F7DDCE121EFEBE4BFC5D7842FF71E57127ABF45851B56A15397A344E3A75FA8FF4ECF99AF4E9D3D1AC5EBD5E33EFD3FD4B8F3341410172FCF826730CCA1A775252D6C94F3FAD35FBA87EC342F743FACF3595F474CE9C8FEF699F0778F18A0EC6C9A297BBBE667AE26B630973D5A95C414E07BB187B46D247FBB24E1BD56753D4B33F66969179FA67CEC79D7356AEF23632CF434D28C68B817E2730CEC83C1F96CF0496809AB4CC0B0DEDADFEA80EB85C5DB9B24F366F5E58E4C75DBD9AA482E27AC9C8D8EF12BF47CB9641338DB2BBBCAF25FB89EE1BF9EDF7D27AFEE4E45566B8A4FF5867DCD1FDE7E0C195257E9E3367B6BBD4EFE5C2FDA7B857F9CCEFC230D3546D5555955775304E3ABFCAE335B359B380F99EF6DA584AB94A4A50E592AB5ADB7F707D7AE74423F392A875720CE855EDBF5CB07D8727D97F509D56B93A6809D5AAE5E55BABD69D976D367DFEF77EAAF42BB942850ABB8CB2BB4812FDC41AFDC7877187F2C0F1A7A8A78916B4FD02FBBBDBCC0BC038E9E165B325A6A8B1EDB07D4C40FEB9CA56C40058EEB9AA9691798AC757F65098B59ABDFE9A62641EDEEC6394FE85662CAF66CD3BE3C3C307A83FAE24AA942B24A4E964FB1F24FD842A6EFF8965DCA13C78FC296C18D46F869C33AEBD58BC9EC0E83385A61106C138E9D9D5B9739BD99E32B72257C115D4BBE596AA6971717ACDBD7D5429556CEC97D146E66757EAD34F28FA0FFD89FE734DC1F690175CC0F7530B088159B2D6BF7A9F9775304E7A66C5C7CF8FB1079BFA740FA014DF95BDE38EDB4EC7C5CD517F687BA912566CECF4E80A152A1C303CEFB2E6F413FA0FFD89FE53267DC1C8FFC860514F1FAD670F8D6D785907E3A467950E8116796D04CA67B0B9E1863F9C193AB4F7499B4D5F3D2A912A7A258784044EB6BF131F423FA1E83FF427FA4FB1C36071979A68606F8326BCAC8371D2FDCB66DB99623F1D3499100894AD7A152B56FCBE6AD52A273A757A61CB922591C7D2D3F5920D7BA86BD4850B5B0F4547472C6AD93270A6FDC20CFABCF5FAF4138AFE437FA2FF143B0C8A51B2F506DBDA1FEFC3CB3A1827DD776C6BD6CC7FBEFDC230567C6D04CA8D7E4735D4C8BC9250D6074CA9FC4B5F9949AF65A3AF6AEB473FA14AD07F821877E84F8C3FE66702C528FE3A8359F48512F445116AF0920EC6495E1B01B8BF18FB00C155E100C07349293D4FB8917935D1CA3429C0DC0B80FBD2EF7667AD8B124C73000041B010F41A83CB98C402CCBD00B8AF05C6EFA70C6CA239008020580839D71804C0DC0B809BD11FF8B7198EE78F73E5280020081646D61A833D695AA0D0EAE733F7626916004E1763E4FD20B17E678A537D0080205818596B0CB6A2798142F9229FB9D71E9A058033E5773430AB7841070082606135B087C126343150A07A05CCBDDAD23C009C65B171EDCB0BC7D13C0040102C82B6F630C89A64C0B54D2B60EE9564704616002728E868209F150400826071E8CF0AEA53DC586310C8AB5E21E65E1C150450E6628CEB2F3ACA55AC00802058547A8DC1ADAAAAD2DC80835985987BE93752382A08C02327080000CF1FE7F5A5F16398D002D795ACCA9B66004010040078C2389FB5C6E0449A1C20080260820000B0CE389FB5C6601F9A1D20080260820000B0CE38CF1A83004110001304008005C7F9AC3506FD687E80200880090200C03AE37CD61A8375D80580037D85DD06340300822000C053C779BDC6608AC1D10F20A758554D68060004410080278FF37A8D417D35D1CAEC0A80200880090200C03AE3FC34555F19AC31081004013041000058669CCF5A63700ABB0320080260820000B0CE389FB5C6605F760908820441004C100000D619E7BD8DCC4BE7B3C620088200C004010060A171BEBE917925D160760D088200C0040100609D715E1F113C65B0961A088200C004010060A971BE9BAA63AABCD845200802001304008075C6F950555B55556537C14296A90AA219003041000058799CD7EB0B2E3658701ED6A1D7D56C4F330060820000B0F2385FD91E04BF6257812008004C100000D619E7F5A9A1FA14D1F7D95D200802001304008075C6797DD118BDAC441B7619088200C0040100609D715EAF31986AB0C620088200C004010060A9713E4455BA2A1F761D088200C0040100609D71BEA791799A286B0C822008004C100000161AE73F3458631004410060820000B0DC383FC5608D4110040180090200C052E37C2555CB547DC16E0441100098200000AC33CEEB53433719AC3108CF314C555F9A010013040000E37CC16AA8DA63B0C6203CC387F6020026080000C6F9EBA867645E4994350641100400260800000B8DF38D549D52D580DD0A8220003041000058679C6F6FB0C620088200C004010060B9713ED4608D4110040180090200C072E3BC5E63709691B9C40440100400260800008B8CF30B8CCC35D9008220003041000058649CD7A786EA534459631004410060820000B0D038AF2F1A936CB0C620088200C004010060A971DE5B55922A1F7637DC405F55C36806004C1000008CF325A743E031833506E1FADA1B7CB6150013040000E37CA9696DB0C620088200C004010060B9715E9F76176BB0C620088200C004010018E72D85350641100400260800C0386F313A00C630D90641100098200000E3BCF5C2609CC11A8320080200130400609CB7941A46E61A836DE90620080200130400609CB78E7A46E61A834DE80A20080200130400609CB78EFA46E6B212F5690A1004018009020030CE5B471B23F3C8602D9A02044100608200008CF3D6A1D718D41790A94C53A01CE9372566D10C009820000018E79D6798AAAF0CD61844F969A22A966600C0040100C038EF5C7A8DC1709A010441004C1000008CF3D65155D51E553D690A1004013041000030CE5B470D7B186C4D53802008800902008071DE3AF41A83C75405D31420080260820000609CB7D6A43CD5608D411004013041000030CE5B8A3E3D54AF31E84553802008800902008071DE3A3AA8DAAAAA1A4D0182200026080000C679EB98A26A99C11A8320080260820000609CB78CCAF620388EA60041100013040000E3BC75E8350637A9FA90A64019F1B1F7310060820000609C7721FAA231C9AADAD3142803DEF6FE05004C1000008CF32E462F27A1D7186C4453802008800902008071DE3A1AD9C360039A020441004C1000008CF3D611AC2AC5608D411004013041000030CE5B4A3723738DC11A34050882009820000018E7AD638A3D0C56A529401004C0040100C0386F0D7A91F918558B690A1004013041000030CE5B875E703E4E55583EDF6B6D7051191004013041000030CE7BA46AAAF6A87A3FC77DFA3384E9068BD0832008800902008071DE63D55175CAC83C0AF8A1BD8D75ADA169401004C0040100C038EFB91E31328F024A8EB2195C4C060441004C1000008CF31E499F1E1A9B2B0466556B9A07D751CBC85C9B12009820000018E7DD68129F708D10A86B1C4D04FE2E013010010018E73D47D68562A4804AA099C0DF250006220000E3BC67D14704FBAA4A2D200C7AD14CE0EF12000311008071DEF3E83505DB1BF97F56B00DCD03FE2E013010010018E73D9BB7AA5055E7EDEDBD8526017F9700188800008CF3D650C3C85C57F092AA563407F8BB04C0400400609C77A74613A91C1111D1A75DBB76DB7C7D7DD32B57AE5CD005623CAE2A56AC9851BB76EDD48080806FD5D740F633FB130013040000E3BC478B8A8AEA12181898E6EDED2DA1A11F4B6CEC0A494FBFA0324386654AFFBE7171EB242C6CA4D4AD5BF752CD9A35B7A9A6A9CF7E667F0260820000609CF738919153A2BDBCBC243C7C8CD86C97D424FA2AA56ADCB8B152AD5AB50B55AA547996FDCCFE04C0040100C038EF5121B04E9D3A1217B7564D96AF50B92A2161BBD4A851E3AC6AAA10F633FB130013040000E3BCDB8B8A9ADC451F218A8BFB514D926D0E3579F20409090996162D9A49B3668DE5C9A0401937363CCF7656A884846D72E38D379E32DCF4B442F6B367ED4F004C1000008CF3C56F2091CA81818DD3C2C347A99B971D6ADAD4C9F2F43F5BC8BF9E6F6956CB90A72428A889F8FB3F2A63CD9070D972151636FC64A54A9556B09FD99F009820000018E7DD5644C4277DBCBDEF169B2D4D4D8C2F3954708B2033183CF9646076356FDE54021E6BA842826F9EEDAD52D5AB574F514DE7C77E667F0260820000609C774BEDDAB5DD161A3A484D882FE6A946017E3266F4708959F8B5448C0F378F103DDEC8DFBC5FDFB6D9CEE7FB384FAFEEDDBB6E524D17C67E667F02705FFABCF06A34030078243DBE9FA3190AE6EBEB931E1BFBBD9A10A7E7A9D75F6F27C78EA6C89AD5CB65F177DFC8F4CF23257AC15CD99F94286FBED141AE5C399FEFE33CBD56AD5AF6B36ABA4DEC67F62700F7B5C7E003C200E0A9EAA94AA2190AA617114F4F3FA926C469796A40FF77657DDC6AD9B07E8D6CD9BCD12C7D7BC386B53260C0BBF93EC60AA5DB4B359D8DFDCCFE04E0BE16AB6A4D33008047D297855F46335C979A0C9FCF5336DB69E9DFBF8F74EAD85E366E5C27093BB69AB579F306E9DEADB3BCDDBB9B5CBC7832DFC75AA10CF73BED98FDEC59FB1340097DA82A9C6600008F14AA6A18CD50988070CEA12E5D3A29F3E67D21BEBE0F4BD2BE3DD2BB5737878A8F5F2F3E8F3490195F464A7A7A6A9EC75BA1DC3308B29F3D687F0228217D85A8AD34030078A435AA826986C20484B3D995917146167E335B1EF3F79503497B65C7F62DB26CE9B7B260FE1C9939E333899C3241858799E6E9830D1B3E22B3674F932B574E393C8715CA3D8320FBD983F6278052A02F195C876600008F524BD5315595688AC2048433D9B566F512730D391D0A56AC582AF3BF9E6D068369533F954913C74AF89811326CE847E60545264EF8449A346E24DF2E9AEBF01C5628F70C82EC670FDA9F004A813E6D680ACD00001E659CC1A9FF450808A7B36B40FF77CC2B46EA20101539D1AC4F278D93716347CBA8B0A13264F02019F8415FE9F3F65B3268603F150E16C83B7D7A383C8715CA3D8320FBD983F6278052504355AAC1D54301C053D4B38FEB5E34456103C2A9ECD201412F21F042EBE764D6CCCFCD60A0C3C288E1A1323874A08C1C31D80C093A34843C1D2C4BBF5F640F08A72C552E141CF405911AB19F3D667F0270B29E46E6521235680A00706B7AEDC004557D698AA204C1DFB26BDBB61FA55FDFB7E5C5175A9901409F2A985FF9F9F9C8CB6DDB98478DE2E357393C8715CA858243D6CFA203A11FFBD9EDF727807210631F44098300E0BE21508FE57A69203E1B58A42078D2A16C978FCBF9F3291236F223096ED1541A0534147FFF47C5AFA18FF8AB60D0F88900E9D9A38B9C3973D8DC36F7E3AD502E1804B34AF7FF46EC67B7DD9F00CA4125FB048245E601C0FDE8D34113EC93E0AA34475183E0AF5411CB858360CE23848DD8CF6EB73F0194A33EAA4E19991790E16AA200E0DAF4D541F58561F46702F5E9A01C092C56104CA58A586E1004731E21F4633FBBCDFE0450CEF4E9A1FA6AA27A69894D46E695E75A1B99470AABD13C00502EF4F8AB8FFC8518998BC5AFB18FD37A8CE6C230250A8227A82256210298CB15FBEDBAFB13001CE8D32A3EB4BFA3A64F1B3DE58E833F45519407D439554946E6296FFACD3ABD587C655EA64A23081EA78A5886EB1F11DC647FD3A412FBD9ADF627000000E0AC20F80B55C472E120983B00B29FDD6B7F02000000CE0A82C7CAA59E7AAAA99C38B133FBDF4B96CC922143FA16F8985F7ED92175EBD6361F9798F8A3FCFAEBEE72F9D95D3008C6A96A655CFB73B24E6D9F94942D72FAF45EF37658D840193F7E68A11ED7BB7767F9EAAB2956DE9F00000080B382E0CFE5527FFEF39DE6D7B56B17AA1038533EFAA88F040707CAF2E57365D1A2E972EE5C529EC7A4A51D90EAD5AB99B7870DEB2FCD9A352A979FDD8582C3B58E0096EB7EEED6ED5569D52AD8BCFDDE7B5D65E4C8F7F3DD2E3272B4F4EDDB4D060D7A5B4243DF95C68DFDC5DFFF11B32FBCFF7E4FE9D5AB931C3FBEC34AFB130000007056103CEAD45AB9729E9AE4F7909B6EAA2A1F7CD053468F1E245DBBB697679E692E0F3C709FF4E8D1413A756A2BBFFCB24DAE5E4D91A347F5D1A544B970E1809C3F9F24B7DE7A8B5CBA744805C57D121717637EDFD9BF831B0607A7B54D46C611B9E79EBFC83FFFD95405B98EF2E8A30D2420E051731F77EEDC5685BEDED9DBAE5DFB8D19FAE7CC9924A3460D34FB86AE61C3FA4958D807327F7EA49C3DBB97FD09000000947E4038E2D4DAB97385CC9B37596EBBED56F36BD6FD0B174E93F6ED5F74D8F6CC993D52A78EB73CF4507DF1F56D2055ABFE492A55AA24356A545701E341F9C73FEE977AF5EA38FD7770CF20E89CB6193F7EB004053D2EDF7E3BDDACD6AD9F96D75E6B2331319F99C16EC99219791E131FFF9DD4AC79A75CB972D8FC77F3E68D65D6AC08F62700000050760121A55CEAAEBBBC242D6D9FF4ECD9411E78E05E33D07979DD2EF7DF5F47A2A246E5D93E21E10779E18510F3D4D056AD5AC8B97389E5F6B3BB67102CFB76B97C395985B82764CF9ED8ECFBDE7BEF4D090B7BFF9A8FE9DAF51579EBADD7E4DFFF6E691E41ECD2E565F34D82DEBD3B9AF7AF583187FD09000000947E40F8C9A975F0E05A193BF623A952E546F388DED1A39BCCA37BC9C9EBE4CA9564A95DFB6EF3BE9C8FC9C8382C41418D64CD9AAFCD203861C2101934A897D37FF6AC72CF20E8BCF6F9E18759D2AC5980848434937BEFBDC70CFAFA54D1279E68A8C2FF5E876D6FBEB9AAECDEBD224FEDDAB55CB66E5D2CC78E6D667F02000000A51F100E3BB5E6CE9D20DDBBB797DB6FBF2DFBBE4F3EF950FAF5EB2AA346BD2F5DBAB4CDF398E1C3FBCA8B2F8688CD9679B1988B1793CC5346F57339FBE7D7E59E41D079ED939ABA55B66D5B22FBF6AD94CE9D5F92BE7DDF94C4C458D9B871A10AFB07B3B7BB7A3559EEBCB346B9EC4337DF9F000000404903C2A172297D6A68D6ED8B17F7C97DF7DD2375EBFE55CE9CD9E9B0DDC891FDE4AF7FFD8B9C3CB94D05C1FDF6AB861E928484EFCD53085BB47842F6EE8D75EACFEE9E41B07CF6F37BEFBD216161FDF3FD5E62E20A69D8B041B9FD6C6EBC3F01000080E2FBE31F6FC8484FD79FB54B765AE93077E2C466B9FDF6EAE6BFF5FFFFC107DDE5C107EF373F1FD8BAF553121D3D594E9DDAAE82C272F1F77F58F6EF5F696E7BF972E65543B39E2B25254EFAF67D43AE5E3DE0B49FFFC2853D8754D3D9D8CFF957B76EEDE4EDB73B9AFBA57FFFAEE6FE6BDAF431F3DFFAFE2E5D5E92A347D7676FAB83BE33FB9F27EC4F000000A044EEBFBFF62FB1B133D584F8A0D3EAD0A135A282893CF55413397E7C93D4A973B70A081DD4847CB7598306F5302F1AB36EDDBC3C8FFDEDB7AD72E38D959DFAF3E6AEE8E8498B8CCCF5FBD8CFF9D49831EFCBA4498365DAB491F2C5176364C68CFF99357DFA68898C1C2E9F7C32507EFD75B36CDDBAC83C0A7CFEFC4EF627000000E04C8F3FFEE8BCD050BDAEDB01A7D6A54B89D9B7CF9F4FC8F37D9B6D5FBE8FBB7A35C90C11CEFE797356CB96413355D385B19F4B5EA74F6F2BF79FA159B380F9EEB63F0100008012A955CBCBB756AD3B2FDB6CFA4A8EFBA9EB5772850A1576A9A6F3633FBB7FD96C89296A7F1E564D14C468000000004BA959F3CEF8F0F0016A629C445DA742429A4E564DB68CFDEC19D5B9739BD9EEBA3F0100008092AA77CB2D55D3E2E2E6AAC9F13EEA1A151BFB65B46AAB63AAEAB39FDDBFE2E3E7C7A8364976E3FD090000009458D01D77DC763A2E6E8E9A24EFA572556CECF4E80A152A1C50ED14C27E76FFD221D043F62700000050F29070C30D7F38337468EF9336DB2E35614EA42431392424509F0E7ACC83428365F7B3CDB633C57E3A68322110000000F85DBD8A152B7E5FB56A95139D3ABDB065C992C863E9E9FACA8E7B2C53172E6C3D141D1DB1A865CBC099F60BC3E8CF90D5673FBBF7FE6CD6CC7FBEFDC2309EB83F0100008052D14055A8AA35AAD25589854A2F2EAED795D34B0AF8B19F3D6A7F727550000000000000000000000000000000000000000000000000000000000000000000000000000000000000000000008035FD7FA090E655DD1CD0670000000049454E44AE426082',1);

/*!40000 ALTER TABLE `ACT_GE_BYTEARRAY` ENABLE KEYS */;
UNLOCK TABLES;


# Dump of table ACT_GE_PROPERTY
# ------------------------------------------------------------

CREATE TABLE `ACT_GE_PROPERTY` (
  `NAME_` varchar(64) COLLATE utf8_bin NOT NULL DEFAULT '',
  `VALUE_` varchar(300) COLLATE utf8_bin DEFAULT NULL,
  `REV_` int(11) DEFAULT NULL,
  PRIMARY KEY (`NAME_`)
) ENGINE=InnoDB DEFAULT CHARSET=utf8 COLLATE=utf8_bin;

LOCK TABLES `ACT_GE_PROPERTY` WRITE;
/*!40000 ALTER TABLE `ACT_GE_PROPERTY` DISABLE KEYS */;

INSERT INTO `ACT_GE_PROPERTY` (`NAME_`, `VALUE_`, `REV_`)
VALUES
	(X'6E6578742E64626964',X'313031',2),
	(X'736368656D612E686973746F7279',X'63726561746528352E313129',1),
	(X'736368656D612E76657273696F6E',X'352E3131',1);

/*!40000 ALTER TABLE `ACT_GE_PROPERTY` ENABLE KEYS */;
UNLOCK TABLES;


# Dump of table act_hi_actinst
# ------------------------------------------------------------

CREATE TABLE `act_hi_actinst` (
  `ID_` varchar(64) COLLATE utf8_bin NOT NULL,
  `PROC_DEF_ID_` varchar(64) COLLATE utf8_bin NOT NULL,
  `PROC_INST_ID_` varchar(64) COLLATE utf8_bin NOT NULL,
  `EXECUTION_ID_` varchar(64) COLLATE utf8_bin NOT NULL,
  `ACT_ID_` varchar(255) COLLATE utf8_bin NOT NULL,
  `TASK_ID_` varchar(64) COLLATE utf8_bin DEFAULT NULL,
  `CALL_PROC_INST_ID_` varchar(64) COLLATE utf8_bin DEFAULT NULL,
  `ACT_NAME_` varchar(255) COLLATE utf8_bin DEFAULT NULL,
  `ACT_TYPE_` varchar(255) COLLATE utf8_bin NOT NULL,
  `ASSIGNEE_` varchar(64) COLLATE utf8_bin DEFAULT NULL,
  `START_TIME_` datetime NOT NULL,
  `END_TIME_` datetime DEFAULT NULL,
  `DURATION_` bigint(20) DEFAULT NULL,
  PRIMARY KEY (`ID_`),
  KEY `ACT_IDX_HI_ACT_INST_START` (`START_TIME_`),
  KEY `ACT_IDX_HI_ACT_INST_END` (`END_TIME_`),
  KEY `ACT_IDX_HI_ACT_INST_PROCINST` (`PROC_INST_ID_`,`ACT_ID_`)
) ENGINE=InnoDB DEFAULT CHARSET=utf8 COLLATE=utf8_bin;



# Dump of table ACT_HI_ATTACHMENT
# ------------------------------------------------------------

CREATE TABLE `ACT_HI_ATTACHMENT` (
  `ID_` varchar(64) COLLATE utf8_bin NOT NULL,
  `REV_` int(11) DEFAULT NULL,
  `USER_ID_` varchar(255) COLLATE utf8_bin DEFAULT NULL,
  `NAME_` varchar(255) COLLATE utf8_bin DEFAULT NULL,
  `DESCRIPTION_` varchar(4000) COLLATE utf8_bin DEFAULT NULL,
  `TYPE_` varchar(255) COLLATE utf8_bin DEFAULT NULL,
  `TASK_ID_` varchar(64) COLLATE utf8_bin DEFAULT NULL,
  `PROC_INST_ID_` varchar(64) COLLATE utf8_bin DEFAULT NULL,
  `URL_` varchar(4000) COLLATE utf8_bin DEFAULT NULL,
  `CONTENT_ID_` varchar(64) COLLATE utf8_bin DEFAULT NULL,
  PRIMARY KEY (`ID_`)
) ENGINE=InnoDB DEFAULT CHARSET=utf8 COLLATE=utf8_bin;



# Dump of table ACT_HI_COMMENT
# ------------------------------------------------------------

CREATE TABLE `ACT_HI_COMMENT` (
  `ID_` varchar(64) COLLATE utf8_bin NOT NULL,
  `TYPE_` varchar(255) COLLATE utf8_bin DEFAULT NULL,
  `TIME_` datetime NOT NULL,
  `USER_ID_` varchar(255) COLLATE utf8_bin DEFAULT NULL,
  `TASK_ID_` varchar(64) COLLATE utf8_bin DEFAULT NULL,
  `PROC_INST_ID_` varchar(64) COLLATE utf8_bin DEFAULT NULL,
  `ACTION_` varchar(255) COLLATE utf8_bin DEFAULT NULL,
  `MESSAGE_` varchar(4000) COLLATE utf8_bin DEFAULT NULL,
  `FULL_MSG_` longblob,
  PRIMARY KEY (`ID_`)
) ENGINE=InnoDB DEFAULT CHARSET=utf8 COLLATE=utf8_bin;



# Dump of table act_hi_detail
# ------------------------------------------------------------

CREATE TABLE `act_hi_detail` (
  `ID_` varchar(64) COLLATE utf8_bin NOT NULL,
  `TYPE_` varchar(255) COLLATE utf8_bin NOT NULL,
  `PROC_INST_ID_` varchar(64) COLLATE utf8_bin DEFAULT NULL,
  `EXECUTION_ID_` varchar(64) COLLATE utf8_bin DEFAULT NULL,
  `TASK_ID_` varchar(64) COLLATE utf8_bin DEFAULT NULL,
  `ACT_INST_ID_` varchar(64) COLLATE utf8_bin DEFAULT NULL,
  `NAME_` varchar(255) COLLATE utf8_bin NOT NULL,
  `VAR_TYPE_` varchar(255) COLLATE utf8_bin DEFAULT NULL,
  `REV_` int(11) DEFAULT NULL,
  `TIME_` datetime NOT NULL,
  `BYTEARRAY_ID_` varchar(64) COLLATE utf8_bin DEFAULT NULL,
  `DOUBLE_` double DEFAULT NULL,
  `LONG_` bigint(20) DEFAULT NULL,
  `TEXT_` varchar(4000) COLLATE utf8_bin DEFAULT NULL,
  `TEXT2_` varchar(4000) COLLATE utf8_bin DEFAULT NULL,
  PRIMARY KEY (`ID_`),
  KEY `ACT_IDX_HI_DETAIL_PROC_INST` (`PROC_INST_ID_`),
  KEY `ACT_IDX_HI_DETAIL_ACT_INST` (`ACT_INST_ID_`),
  KEY `ACT_IDX_HI_DETAIL_TIME` (`TIME_`),
  KEY `ACT_IDX_HI_DETAIL_NAME` (`NAME_`),
  KEY `ACT_IDX_HI_DETAIL_TASK_ID` (`TASK_ID_`)
) ENGINE=InnoDB DEFAULT CHARSET=utf8 COLLATE=utf8_bin;



# Dump of table act_hi_procinst
# ------------------------------------------------------------

CREATE TABLE `act_hi_procinst` (
  `ID_` varchar(64) COLLATE utf8_bin NOT NULL,
  `PROC_INST_ID_` varchar(64) COLLATE utf8_bin NOT NULL,
  `BUSINESS_KEY_` varchar(255) COLLATE utf8_bin DEFAULT NULL,
  `PROC_DEF_ID_` varchar(64) COLLATE utf8_bin NOT NULL,
  `START_TIME_` datetime NOT NULL,
  `END_TIME_` datetime DEFAULT NULL,
  `DURATION_` bigint(20) DEFAULT NULL,
  `START_USER_ID_` varchar(255) COLLATE utf8_bin DEFAULT NULL,
  `START_ACT_ID_` varchar(255) COLLATE utf8_bin DEFAULT NULL,
  `END_ACT_ID_` varchar(255) COLLATE utf8_bin DEFAULT NULL,
  `SUPER_PROCESS_INSTANCE_ID_` varchar(64) COLLATE utf8_bin DEFAULT NULL,
  `DELETE_REASON_` varchar(4000) COLLATE utf8_bin DEFAULT NULL,
  PRIMARY KEY (`ID_`),
  UNIQUE KEY `PROC_INST_ID_` (`PROC_INST_ID_`),
  UNIQUE KEY `ACT_UNIQ_HI_BUS_KEY` (`PROC_DEF_ID_`,`BUSINESS_KEY_`),
  KEY `ACT_IDX_HI_PRO_INST_END` (`END_TIME_`),
  KEY `ACT_IDX_HI_PRO_I_BUSKEY` (`BUSINESS_KEY_`)
) ENGINE=InnoDB DEFAULT CHARSET=utf8 COLLATE=utf8_bin;



# Dump of table ACT_HI_TASKINST
# ------------------------------------------------------------

CREATE TABLE `ACT_HI_TASKINST` (
  `ID_` varchar(64) COLLATE utf8_bin NOT NULL,
  `PROC_DEF_ID_` varchar(64) COLLATE utf8_bin DEFAULT NULL,
  `TASK_DEF_KEY_` varchar(255) COLLATE utf8_bin DEFAULT NULL,
  `PROC_INST_ID_` varchar(64) COLLATE utf8_bin DEFAULT NULL,
  `EXECUTION_ID_` varchar(64) COLLATE utf8_bin DEFAULT NULL,
  `NAME_` varchar(255) COLLATE utf8_bin DEFAULT NULL,
  `PARENT_TASK_ID_` varchar(64) COLLATE utf8_bin DEFAULT NULL,
  `DESCRIPTION_` varchar(4000) COLLATE utf8_bin DEFAULT NULL,
  `OWNER_` varchar(255) COLLATE utf8_bin DEFAULT NULL,
  `ASSIGNEE_` varchar(255) COLLATE utf8_bin DEFAULT NULL,
  `START_TIME_` datetime NOT NULL,
  `END_TIME_` datetime DEFAULT NULL,
  `DURATION_` bigint(20) DEFAULT NULL,
  `DELETE_REASON_` varchar(4000) COLLATE utf8_bin DEFAULT NULL,
  `PRIORITY_` int(11) DEFAULT NULL,
  `DUE_DATE_` datetime DEFAULT NULL,
  PRIMARY KEY (`ID_`)
) ENGINE=InnoDB DEFAULT CHARSET=utf8 COLLATE=utf8_bin;



# Dump of table act_hi_varinst
# ------------------------------------------------------------

CREATE TABLE `act_hi_varinst` (
  `ID_` varchar(64) COLLATE utf8_bin NOT NULL,
  `PROC_INST_ID_` varchar(64) COLLATE utf8_bin DEFAULT NULL,
  `EXECUTION_ID_` varchar(64) COLLATE utf8_bin DEFAULT NULL,
  `TASK_ID_` varchar(64) COLLATE utf8_bin DEFAULT NULL,
  `NAME_` varchar(255) COLLATE utf8_bin NOT NULL,
  `VAR_TYPE_` varchar(100) COLLATE utf8_bin DEFAULT NULL,
  `REV_` int(11) DEFAULT NULL,
  `BYTEARRAY_ID_` varchar(64) COLLATE utf8_bin DEFAULT NULL,
  `DOUBLE_` double DEFAULT NULL,
  `LONG_` bigint(20) DEFAULT NULL,
  `TEXT_` varchar(4000) COLLATE utf8_bin DEFAULT NULL,
  `TEXT2_` varchar(4000) COLLATE utf8_bin DEFAULT NULL,
  PRIMARY KEY (`ID_`),
  KEY `ACT_IDX_HI_PROCVAR_PROC_INST` (`PROC_INST_ID_`),
  KEY `ACT_IDX_HI_PROCVAR_NAME_TYPE` (`NAME_`,`VAR_TYPE_`)
) ENGINE=InnoDB DEFAULT CHARSET=utf8 COLLATE=utf8_bin;



# Dump of table ACT_ID_GROUP
# ------------------------------------------------------------

CREATE TABLE `ACT_ID_GROUP` (
  `ID_` varchar(64) COLLATE utf8_bin NOT NULL DEFAULT '',
  `REV_` int(11) DEFAULT NULL,
  `NAME_` varchar(255) COLLATE utf8_bin DEFAULT NULL,
  `TYPE_` varchar(255) COLLATE utf8_bin DEFAULT NULL,
  PRIMARY KEY (`ID_`)
) ENGINE=InnoDB DEFAULT CHARSET=utf8 COLLATE=utf8_bin;

LOCK TABLES `ACT_ID_GROUP` WRITE;
/*!40000 ALTER TABLE `ACT_ID_GROUP` DISABLE KEYS */;

INSERT INTO `ACT_ID_GROUP` (`ID_`, `REV_`, `NAME_`, `TYPE_`)
VALUES
	(X'31',1,X'726F6C655F61646D696E',NULL),
	(X'32',1,X'726F6C655F706C616E6E696E67',NULL),
	(X'33',1,X'726F6C655F70757263686173696E67',NULL),
	(X'34',1,X'726F6C655F77617265686F757365',NULL),
	(X'35',1,X'726F6C655F7175616C697479',NULL),
	(X'36',1,X'726F6C655F746563686E6F6C6F67',NULL),
	(X'37',1,X'726F6C655F6C6561646572',NULL),
	(X'38',1,X'726F6C655F70726F64756374',NULL),
	(X'39',1,X'726F6C655F6E6F726D616C',NULL);

/*!40000 ALTER TABLE `ACT_ID_GROUP` ENABLE KEYS */;
UNLOCK TABLES;


# Dump of table ACT_ID_INFO
# ------------------------------------------------------------

CREATE TABLE `ACT_ID_INFO` (
  `ID_` varchar(64) COLLATE utf8_bin NOT NULL DEFAULT '',
  `REV_` int(11) DEFAULT NULL,
  `USER_ID_` varchar(64) COLLATE utf8_bin DEFAULT NULL,
  `TYPE_` varchar(64) COLLATE utf8_bin DEFAULT NULL,
  `KEY_` varchar(255) COLLATE utf8_bin DEFAULT NULL,
  `VALUE_` varchar(255) COLLATE utf8_bin DEFAULT NULL,
  `PASSWORD_` longblob,
  `PARENT_ID_` varchar(255) COLLATE utf8_bin DEFAULT NULL,
  PRIMARY KEY (`ID_`)
) ENGINE=InnoDB DEFAULT CHARSET=utf8 COLLATE=utf8_bin;



# Dump of table ACT_ID_MEMBERSHIP
# ------------------------------------------------------------

CREATE TABLE `ACT_ID_MEMBERSHIP` (
  `USER_ID_` varchar(64) COLLATE utf8_bin NOT NULL DEFAULT '',
  `GROUP_ID_` varchar(64) COLLATE utf8_bin NOT NULL DEFAULT '',
  PRIMARY KEY (`USER_ID_`,`GROUP_ID_`),
  KEY `ACT_FK_MEMB_GROUP` (`GROUP_ID_`),
  CONSTRAINT `ACT_FK_MEMB_USER` FOREIGN KEY (`USER_ID_`) REFERENCES `ACT_ID_USER` (`ID_`),
  CONSTRAINT `ACT_FK_MEMB_GROUP` FOREIGN KEY (`GROUP_ID_`) REFERENCES `ACT_ID_GROUP` (`ID_`)
) ENGINE=InnoDB DEFAULT CHARSET=utf8 COLLATE=utf8_bin;

LOCK TABLES `ACT_ID_MEMBERSHIP` WRITE;
/*!40000 ALTER TABLE `ACT_ID_MEMBERSHIP` DISABLE KEYS */;

INSERT INTO `ACT_ID_MEMBERSHIP` (`USER_ID_`, `GROUP_ID_`)
VALUES
	(X'31',X'31'),
	(X'32',X'32'),
	(X'33',X'33'),
	(X'34',X'34'),
	(X'35',X'35'),
	(X'36',X'36'),
	(X'37',X'37'),
	(X'38',X'38');

/*!40000 ALTER TABLE `ACT_ID_MEMBERSHIP` ENABLE KEYS */;
UNLOCK TABLES;


# Dump of table ACT_ID_USER
# ------------------------------------------------------------

CREATE TABLE `ACT_ID_USER` (
  `ID_` varchar(64) COLLATE utf8_bin NOT NULL DEFAULT '',
  `REV_` int(11) DEFAULT NULL,
  `FIRST_` varchar(255) COLLATE utf8_bin DEFAULT NULL,
  `LAST_` varchar(255) COLLATE utf8_bin DEFAULT NULL,
  `EMAIL_` varchar(255) COLLATE utf8_bin DEFAULT NULL,
  `PWD_` varchar(255) COLLATE utf8_bin DEFAULT NULL,
  `PICTURE_ID_` varchar(64) COLLATE utf8_bin DEFAULT NULL,
  PRIMARY KEY (`ID_`)
) ENGINE=InnoDB DEFAULT CHARSET=utf8 COLLATE=utf8_bin;

LOCK TABLES `ACT_ID_USER` WRITE;
/*!40000 ALTER TABLE `ACT_ID_USER` DISABLE KEYS */;

INSERT INTO `ACT_ID_USER` (`ID_`, `REV_`, `FIRST_`, `LAST_`, `EMAIL_`, `PWD_`, `PICTURE_ID_`)
VALUES
	(X'31',1,X'E7AEA1E79086E59198',X'',X'',X'',NULL),
	(X'32',1,X'E8AEA1E58892E59198',X'',X'',X'',NULL),
	(X'33',1,X'E98787E8B4ADE59198',X'',X'',X'',NULL),
	(X'34',1,X'E5BA93E7AEA1E59198',X'',X'',X'',NULL),
	(X'35',1,X'E8B4A8E6A380E59198',X'',X'',X'',NULL),
	(X'36',1,X'E68A80E69CAFE59198',X'',X'',X'',NULL),
	(X'37',1,X'E9A286E5AFBC',X'',X'',X'',NULL),
	(X'38',1,X'E7949FE4BAA7E59198',X'',X'',X'',NULL);

/*!40000 ALTER TABLE `ACT_ID_USER` ENABLE KEYS */;
UNLOCK TABLES;


# Dump of table ACT_RE_DEPLOYMENT
# ------------------------------------------------------------

CREATE TABLE `ACT_RE_DEPLOYMENT` (
  `ID_` varchar(64) COLLATE utf8_bin NOT NULL DEFAULT '',
  `NAME_` varchar(255) COLLATE utf8_bin DEFAULT NULL,
  `CATEGORY_` varchar(255) COLLATE utf8_bin DEFAULT NULL,
  `DEPLOY_TIME_` timestamp NOT NULL DEFAULT CURRENT_TIMESTAMP ON UPDATE CURRENT_TIMESTAMP,
  PRIMARY KEY (`ID_`)
) ENGINE=InnoDB DEFAULT CHARSET=utf8 COLLATE=utf8_bin;

LOCK TABLES `ACT_RE_DEPLOYMENT` WRITE;
/*!40000 ALTER TABLE `ACT_RE_DEPLOYMENT` DISABLE KEYS */;

INSERT INTO `ACT_RE_DEPLOYMENT` (`ID_`, `NAME_`, `CATEGORY_`, `DEPLOY_TIME_`)
VALUES
	(X'31',NULL,NULL,'2013-02-03 17:37:36');

/*!40000 ALTER TABLE `ACT_RE_DEPLOYMENT` ENABLE KEYS */;
UNLOCK TABLES;


# Dump of table ACT_RE_MODEL
# ------------------------------------------------------------

CREATE TABLE `ACT_RE_MODEL` (
  `ID_` varchar(64) COLLATE utf8_bin NOT NULL,
  `REV_` int(11) DEFAULT NULL,
  `NAME_` varchar(255) COLLATE utf8_bin DEFAULT NULL,
  `KEY_` varchar(255) COLLATE utf8_bin DEFAULT NULL,
  `CATEGORY_` varchar(255) COLLATE utf8_bin DEFAULT NULL,
  `CREATE_TIME_` timestamp NOT NULL DEFAULT CURRENT_TIMESTAMP ON UPDATE CURRENT_TIMESTAMP,
  `LAST_UPDATE_TIME_` timestamp NOT NULL DEFAULT '0000-00-00 00:00:00',
  `VERSION_` int(11) DEFAULT NULL,
  `META_INFO_` varchar(4000) COLLATE utf8_bin DEFAULT NULL,
  `DEPLOYMENT_ID_` varchar(64) COLLATE utf8_bin DEFAULT NULL,
  `EDITOR_SOURCE_VALUE_ID_` varchar(64) COLLATE utf8_bin DEFAULT NULL,
  `EDITOR_SOURCE_EXTRA_VALUE_ID_` varchar(64) COLLATE utf8_bin DEFAULT NULL,
  PRIMARY KEY (`ID_`),
  KEY `ACT_FK_MODEL_SOURCE` (`EDITOR_SOURCE_VALUE_ID_`),
  KEY `ACT_FK_MODEL_SOURCE_EXTRA` (`EDITOR_SOURCE_EXTRA_VALUE_ID_`),
  KEY `ACT_FK_MODEL_DEPLOYMENT` (`DEPLOYMENT_ID_`),
  CONSTRAINT `ACT_FK_MODEL_DEPLOYMENT` FOREIGN KEY (`DEPLOYMENT_ID_`) REFERENCES `ACT_RE_DEPLOYMENT` (`ID_`),
  CONSTRAINT `ACT_FK_MODEL_SOURCE` FOREIGN KEY (`EDITOR_SOURCE_VALUE_ID_`) REFERENCES `ACT_GE_BYTEARRAY` (`ID_`),
  CONSTRAINT `ACT_FK_MODEL_SOURCE_EXTRA` FOREIGN KEY (`EDITOR_SOURCE_EXTRA_VALUE_ID_`) REFERENCES `ACT_GE_BYTEARRAY` (`ID_`)
) ENGINE=InnoDB DEFAULT CHARSET=utf8 COLLATE=utf8_bin;



# Dump of table ACT_RE_PROCDEF
# ------------------------------------------------------------

CREATE TABLE `ACT_RE_PROCDEF` (
  `ID_` varchar(64) COLLATE utf8_bin NOT NULL,
  `REV_` int(11) DEFAULT NULL,
  `CATEGORY_` varchar(255) COLLATE utf8_bin DEFAULT NULL,
  `NAME_` varchar(255) COLLATE utf8_bin DEFAULT NULL,
  `KEY_` varchar(255) COLLATE utf8_bin NOT NULL,
  `VERSION_` int(11) NOT NULL,
  `DEPLOYMENT_ID_` varchar(64) COLLATE utf8_bin DEFAULT NULL,
  `RESOURCE_NAME_` varchar(4000) COLLATE utf8_bin DEFAULT NULL,
  `DGRM_RESOURCE_NAME_` varchar(4000) COLLATE utf8_bin DEFAULT NULL,
  `DESCRIPTION_` varchar(4000) COLLATE utf8_bin DEFAULT NULL,
  `HAS_START_FORM_KEY_` tinyint(4) DEFAULT NULL,
  `SUSPENSION_STATE_` int(11) DEFAULT NULL,
  PRIMARY KEY (`ID_`),
  UNIQUE KEY `ACT_UNIQ_PROCDEF` (`KEY_`,`VERSION_`)
) ENGINE=InnoDB DEFAULT CHARSET=utf8 COLLATE=utf8_bin;

LOCK TABLES `ACT_RE_PROCDEF` WRITE;
/*!40000 ALTER TABLE `ACT_RE_PROCDEF` DISABLE KEYS */;

INSERT INTO `ACT_RE_PROCDEF` (`ID_`, `REV_`, `CATEGORY_`, `NAME_`, `KEY_`, `VERSION_`, `DEPLOYMENT_ID_`, `RESOURCE_NAME_`, `DGRM_RESOURCE_NAME_`, `DESCRIPTION_`, `HAS_START_FORM_KEY_`, `SUSPENSION_STATE_`)
VALUES
	(X'70757263686173696E672D666C6F773A313A34',1,X'687474703A2F2F7777772E61637469766974692E6F72672F74657374',X'E99DA2E8BE85E69699E98787E8B4ADE6B581E7A88B',X'70757263686173696E672D666C6F77',1,X'31',X'70757263686173696E672D666C6F772E62706D6E32302E786D6C',X'70757263686173696E672D666C6F772E70757263686173696E672D666C6F772E706E67',NULL,1,1);

/*!40000 ALTER TABLE `ACT_RE_PROCDEF` ENABLE KEYS */;
UNLOCK TABLES;


# Dump of table ACT_RU_EVENT_SUBSCR
# ------------------------------------------------------------

CREATE TABLE `ACT_RU_EVENT_SUBSCR` (
  `ID_` varchar(64) COLLATE utf8_bin NOT NULL,
  `REV_` int(11) DEFAULT NULL,
  `EVENT_TYPE_` varchar(255) COLLATE utf8_bin NOT NULL,
  `EVENT_NAME_` varchar(255) COLLATE utf8_bin DEFAULT NULL,
  `EXECUTION_ID_` varchar(64) COLLATE utf8_bin DEFAULT NULL,
  `PROC_INST_ID_` varchar(64) COLLATE utf8_bin DEFAULT NULL,
  `ACTIVITY_ID_` varchar(64) COLLATE utf8_bin DEFAULT NULL,
  `CONFIGURATION_` varchar(255) COLLATE utf8_bin DEFAULT NULL,
  `CREATED_` timestamp NOT NULL DEFAULT CURRENT_TIMESTAMP ON UPDATE CURRENT_TIMESTAMP,
  PRIMARY KEY (`ID_`),
  KEY `ACT_IDX_EVENT_SUBSCR_CONFIG_` (`CONFIGURATION_`),
  KEY `ACT_FK_EVENT_EXEC` (`EXECUTION_ID_`),
  CONSTRAINT `ACT_FK_EVENT_EXEC` FOREIGN KEY (`EXECUTION_ID_`) REFERENCES `ACT_RU_EXECUTION` (`ID_`)
) ENGINE=InnoDB DEFAULT CHARSET=utf8 COLLATE=utf8_bin;



# Dump of table ACT_RU_EXECUTION
# ------------------------------------------------------------

CREATE TABLE `ACT_RU_EXECUTION` (
  `ID_` varchar(64) COLLATE utf8_bin NOT NULL DEFAULT '',
  `REV_` int(11) DEFAULT NULL,
  `PROC_INST_ID_` varchar(64) COLLATE utf8_bin DEFAULT NULL,
  `BUSINESS_KEY_` varchar(255) COLLATE utf8_bin DEFAULT NULL,
  `PARENT_ID_` varchar(64) COLLATE utf8_bin DEFAULT NULL,
  `PROC_DEF_ID_` varchar(64) COLLATE utf8_bin DEFAULT NULL,
  `SUPER_EXEC_` varchar(64) COLLATE utf8_bin DEFAULT NULL,
  `ACT_ID_` varchar(255) COLLATE utf8_bin DEFAULT NULL,
  `IS_ACTIVE_` tinyint(4) DEFAULT NULL,
  `IS_CONCURRENT_` tinyint(4) DEFAULT NULL,
  `IS_SCOPE_` tinyint(4) DEFAULT NULL,
  `IS_EVENT_SCOPE_` tinyint(4) DEFAULT NULL,
  `SUSPENSION_STATE_` int(11) DEFAULT NULL,
  `CACHED_ENT_STATE_` int(11) DEFAULT NULL,
  PRIMARY KEY (`ID_`),
  UNIQUE KEY `ACT_UNIQ_RU_BUS_KEY` (`PROC_DEF_ID_`,`BUSINESS_KEY_`),
  KEY `ACT_IDX_EXEC_BUSKEY` (`BUSINESS_KEY_`),
  KEY `ACT_FK_EXE_PROCINST` (`PROC_INST_ID_`),
  KEY `ACT_FK_EXE_PARENT` (`PARENT_ID_`),
  KEY `ACT_FK_EXE_SUPER` (`SUPER_EXEC_`),
  CONSTRAINT `ACT_FK_EXE_PROCDEF` FOREIGN KEY (`PROC_DEF_ID_`) REFERENCES `ACT_RE_PROCDEF` (`ID_`),
  CONSTRAINT `ACT_FK_EXE_PARENT` FOREIGN KEY (`PARENT_ID_`) REFERENCES `ACT_RU_EXECUTION` (`ID_`),
  CONSTRAINT `ACT_FK_EXE_PROCINST` FOREIGN KEY (`PROC_INST_ID_`) REFERENCES `ACT_RU_EXECUTION` (`ID_`) ON DELETE CASCADE ON UPDATE CASCADE,
  CONSTRAINT `ACT_FK_EXE_SUPER` FOREIGN KEY (`SUPER_EXEC_`) REFERENCES `ACT_RU_EXECUTION` (`ID_`)
) ENGINE=InnoDB DEFAULT CHARSET=utf8 COLLATE=utf8_bin;



# Dump of table ACT_RU_IDENTITYLINK
# ------------------------------------------------------------

CREATE TABLE `ACT_RU_IDENTITYLINK` (
  `ID_` varchar(64) COLLATE utf8_bin NOT NULL DEFAULT '',
  `REV_` int(11) DEFAULT NULL,
  `GROUP_ID_` varchar(255) COLLATE utf8_bin DEFAULT NULL,
  `TYPE_` varchar(255) COLLATE utf8_bin DEFAULT NULL,
  `USER_ID_` varchar(255) COLLATE utf8_bin DEFAULT NULL,
  `TASK_ID_` varchar(64) COLLATE utf8_bin DEFAULT NULL,
  `PROC_DEF_ID_` varchar(64) COLLATE utf8_bin DEFAULT NULL,
  PRIMARY KEY (`ID_`),
  KEY `ACT_IDX_IDENT_LNK_USER` (`USER_ID_`),
  KEY `ACT_IDX_IDENT_LNK_GROUP` (`GROUP_ID_`),
  KEY `ACT_IDX_ATHRZ_PROCEDEF` (`PROC_DEF_ID_`),
  KEY `ACT_FK_TSKASS_TASK` (`TASK_ID_`),
  CONSTRAINT `ACT_FK_ATHRZ_PROCEDEF` FOREIGN KEY (`PROC_DEF_ID_`) REFERENCES `ACT_RE_PROCDEF` (`ID_`),
  CONSTRAINT `ACT_FK_TSKASS_TASK` FOREIGN KEY (`TASK_ID_`) REFERENCES `ACT_RU_TASK` (`ID_`)
) ENGINE=InnoDB DEFAULT CHARSET=utf8 COLLATE=utf8_bin;



# Dump of table ACT_RU_JOB
# ------------------------------------------------------------

CREATE TABLE `ACT_RU_JOB` (
  `ID_` varchar(64) COLLATE utf8_bin NOT NULL,
  `REV_` int(11) DEFAULT NULL,
  `TYPE_` varchar(255) COLLATE utf8_bin NOT NULL,
  `LOCK_EXP_TIME_` timestamp NULL DEFAULT NULL,
  `LOCK_OWNER_` varchar(255) COLLATE utf8_bin DEFAULT NULL,
  `EXCLUSIVE_` tinyint(1) DEFAULT NULL,
  `EXECUTION_ID_` varchar(64) COLLATE utf8_bin DEFAULT NULL,
  `PROCESS_INSTANCE_ID_` varchar(64) COLLATE utf8_bin DEFAULT NULL,
  `PROC_DEF_ID_` varchar(64) COLLATE utf8_bin DEFAULT NULL,
  `RETRIES_` int(11) DEFAULT NULL,
  `EXCEPTION_STACK_ID_` varchar(64) COLLATE utf8_bin DEFAULT NULL,
  `EXCEPTION_MSG_` varchar(4000) COLLATE utf8_bin DEFAULT NULL,
  `DUEDATE_` timestamp NULL DEFAULT NULL,
  `REPEAT_` varchar(255) COLLATE utf8_bin DEFAULT NULL,
  `HANDLER_TYPE_` varchar(255) COLLATE utf8_bin DEFAULT NULL,
  `HANDLER_CFG_` varchar(4000) COLLATE utf8_bin DEFAULT NULL,
  PRIMARY KEY (`ID_`),
  KEY `ACT_FK_JOB_EXCEPTION` (`EXCEPTION_STACK_ID_`),
  CONSTRAINT `ACT_FK_JOB_EXCEPTION` FOREIGN KEY (`EXCEPTION_STACK_ID_`) REFERENCES `ACT_GE_BYTEARRAY` (`ID_`)
) ENGINE=InnoDB DEFAULT CHARSET=utf8 COLLATE=utf8_bin;



# Dump of table ACT_RU_TASK
# ------------------------------------------------------------

CREATE TABLE `ACT_RU_TASK` (
  `ID_` varchar(64) COLLATE utf8_bin NOT NULL DEFAULT '',
  `REV_` int(11) DEFAULT NULL,
  `EXECUTION_ID_` varchar(64) COLLATE utf8_bin DEFAULT NULL,
  `PROC_INST_ID_` varchar(64) COLLATE utf8_bin DEFAULT NULL,
  `PROC_DEF_ID_` varchar(64) COLLATE utf8_bin DEFAULT NULL,
  `NAME_` varchar(255) COLLATE utf8_bin DEFAULT NULL,
  `PARENT_TASK_ID_` varchar(64) COLLATE utf8_bin DEFAULT NULL,
  `DESCRIPTION_` varchar(4000) COLLATE utf8_bin DEFAULT NULL,
  `TASK_DEF_KEY_` varchar(255) COLLATE utf8_bin DEFAULT NULL,
  `OWNER_` varchar(255) COLLATE utf8_bin DEFAULT NULL,
  `ASSIGNEE_` varchar(255) COLLATE utf8_bin DEFAULT NULL,
  `DELEGATION_` varchar(64) COLLATE utf8_bin DEFAULT NULL,
  `PRIORITY_` int(11) DEFAULT NULL,
  `CREATE_TIME_` timestamp NOT NULL DEFAULT CURRENT_TIMESTAMP ON UPDATE CURRENT_TIMESTAMP,
  `DUE_DATE_` datetime DEFAULT NULL,
  `SUSPENSION_STATE_` int(11) DEFAULT NULL,
  PRIMARY KEY (`ID_`),
  KEY `ACT_IDX_TASK_CREATE` (`CREATE_TIME_`),
  KEY `ACT_FK_TASK_EXE` (`EXECUTION_ID_`),
  KEY `ACT_FK_TASK_PROCINST` (`PROC_INST_ID_`),
  KEY `ACT_FK_TASK_PROCDEF` (`PROC_DEF_ID_`),
  CONSTRAINT `ACT_FK_TASK_PROCDEF` FOREIGN KEY (`PROC_DEF_ID_`) REFERENCES `ACT_RE_PROCDEF` (`ID_`),
  CONSTRAINT `ACT_FK_TASK_EXE` FOREIGN KEY (`EXECUTION_ID_`) REFERENCES `ACT_RU_EXECUTION` (`ID_`),
  CONSTRAINT `ACT_FK_TASK_PROCINST` FOREIGN KEY (`PROC_INST_ID_`) REFERENCES `ACT_RU_EXECUTION` (`ID_`)
) ENGINE=InnoDB DEFAULT CHARSET=utf8 COLLATE=utf8_bin;



# Dump of table ACT_RU_VARIABLE
# ------------------------------------------------------------

CREATE TABLE `ACT_RU_VARIABLE` (
  `ID_` varchar(64) COLLATE utf8_bin NOT NULL,
  `REV_` int(11) DEFAULT NULL,
  `TYPE_` varchar(255) COLLATE utf8_bin NOT NULL,
  `NAME_` varchar(255) COLLATE utf8_bin NOT NULL,
  `EXECUTION_ID_` varchar(64) COLLATE utf8_bin DEFAULT NULL,
  `PROC_INST_ID_` varchar(64) COLLATE utf8_bin DEFAULT NULL,
  `TASK_ID_` varchar(64) COLLATE utf8_bin DEFAULT NULL,
  `BYTEARRAY_ID_` varchar(64) COLLATE utf8_bin DEFAULT NULL,
  `DOUBLE_` double DEFAULT NULL,
  `LONG_` bigint(20) DEFAULT NULL,
  `TEXT_` varchar(4000) COLLATE utf8_bin DEFAULT NULL,
  `TEXT2_` varchar(4000) COLLATE utf8_bin DEFAULT NULL,
  PRIMARY KEY (`ID_`),
  KEY `ACT_IDX_VARIABLE_TASK_ID` (`TASK_ID_`),
  KEY `ACT_FK_VAR_EXE` (`EXECUTION_ID_`),
  KEY `ACT_FK_VAR_PROCINST` (`PROC_INST_ID_`),
  KEY `ACT_FK_VAR_BYTEARRAY` (`BYTEARRAY_ID_`),
  CONSTRAINT `ACT_FK_VAR_BYTEARRAY` FOREIGN KEY (`BYTEARRAY_ID_`) REFERENCES `ACT_GE_BYTEARRAY` (`ID_`),
  CONSTRAINT `ACT_FK_VAR_EXE` FOREIGN KEY (`EXECUTION_ID_`) REFERENCES `ACT_RU_EXECUTION` (`ID_`),
  CONSTRAINT `ACT_FK_VAR_PROCINST` FOREIGN KEY (`PROC_INST_ID_`) REFERENCES `ACT_RU_EXECUTION` (`ID_`)
) ENGINE=InnoDB DEFAULT CHARSET=utf8 COLLATE=utf8_bin;



# Dump of table data_dict
# ------------------------------------------------------------

CREATE TABLE `data_dict` (
  `id` varchar(255) NOT NULL,
  `type` varchar(255) DEFAULT NULL,
  `type_name` varchar(255) DEFAULT NULL,
  `value` varchar(255) DEFAULT NULL,
  PRIMARY KEY (`id`)
) ENGINE=InnoDB DEFAULT CHARSET=utf8;

LOCK TABLES `data_dict` WRITE;
/*!40000 ALTER TABLE `data_dict` DISABLE KEYS */;

INSERT INTO `data_dict` (`id`, `type`, `type_name`, `value`)
VALUES
	('1','position','',''),
	('10','name','',''),
	('11','name','',''),
	('12','name','',''),
	('13','name','',''),
	('14','name','',''),
	('15','name','',''),
	('16','name','',''),
	('17','name','',''),
	('18','name','',''),
	('19','name','',''),
	('2','position','',''),
	('20','name','',''),
	('21','name','','1'),
	('22','name','','2'),
	('23','name','',''),
	('24','name','',''),
	('25','name','',''),
	('26','name','',''),
	('27','material','',''),
	('28','material','',''),
	('29','material','',''),
	('3','position','',''),
	('30','spec','','3#*1'),
	('31','spec','','3#*2'),
	('32','spec','','3#*3'),
	('33','spec','','3#*4'),
	('34','spec','','3#*5'),
	('35','spec','','5#*1'),
	('36','spec','','5#*2'),
	('37','spec','','5#*3'),
	('38','spec','','5#*4'),
	('39','spec','','5#*5'),
	('4','position','',''),
	('40','spec','','8#*1'),
	('41','spec','','8#*2'),
	('42','spec','','8#*3'),
	('43','spec','','8#*4'),
	('44','spec','','8#*5'),
	('45','model','','145'),
	('46','model','','150'),
	('47','model','','155'),
	('48','model','','160'),
	('49','model','','165'),
	('5','position','',''),
	('50','model','','170'),
	('51','model','','175'),
	('52','model','','180'),
	('53','model','','185'),
	('54','model','','190'),
	('55','model','','195'),
	('56','model','','4XS'),
	('57','model','','3XS'),
	('58','model','','2XS'),
	('59','model','','XS'),
	('6','position','',''),
	('60','model','','S'),
	('61','model','','M'),
	('62','model','','L'),
	('63','model','','XL'),
	('64','model','','2XL'),
	('65','model','','3XL'),
	('66','model','','4XL'),
	('67','model','','5XL'),
	('7','name','',''),
	('8','name','',''),
	('9','name','','');

/*!40000 ALTER TABLE `data_dict` ENABLE KEYS */;
UNLOCK TABLES;


# Dump of table goods
# ------------------------------------------------------------

CREATE TABLE `goods` (
  `id` varchar(255) NOT NULL,
  `actual_consume` varchar(255) DEFAULT NULL,
  `actual_loss` varchar(255) DEFAULT NULL,
  `actual_use` varchar(255) DEFAULT NULL,
  `actual_width` varchar(255) DEFAULT NULL,
  `color` varchar(255) DEFAULT NULL,
  `composition` varchar(255) DEFAULT NULL,
  `confirm_use` varchar(255) DEFAULT NULL,
  `consume` varchar(255) DEFAULT NULL,
  `description` varchar(255) DEFAULT NULL,
  `discharge_spec` varchar(255) DEFAULT NULL,
  `loss` varchar(255) DEFAULT NULL,
  `name` varchar(255) DEFAULT NULL,
  `need_add` varchar(255) DEFAULT NULL,
  `order_count` varchar(255) DEFAULT NULL,
  `ori_price` varchar(255) DEFAULT NULL,
  `price` varchar(255) DEFAULT NULL,
  `purchasing_count` varchar(255) DEFAULT NULL,
  `specification` varchar(255) DEFAULT NULL,
  `type` varchar(255) DEFAULT NULL,
  `unit` varchar(255) DEFAULT NULL,
  `width` varchar(255) DEFAULT NULL,
  PRIMARY KEY (`id`)
) ENGINE=InnoDB DEFAULT CHARSET=utf8;



# Dump of table organization
# ------------------------------------------------------------

CREATE TABLE `organization` (
  `id` varchar(255) NOT NULL,
  `create_date` datetime DEFAULT NULL,
  `level` int(11) NOT NULL,
  `name` varchar(255) DEFAULT NULL,
  `parent_id` varchar(255) DEFAULT NULL,
  PRIMARY KEY (`id`),
  KEY `FK4644ED33C4F1902` (`parent_id`),
  CONSTRAINT `FK4644ED33C4F1902` FOREIGN KEY (`parent_id`) REFERENCES `organization` (`id`)
) ENGINE=InnoDB DEFAULT CHARSET=utf8;



# Dump of table organization_role
# ------------------------------------------------------------

CREATE TABLE `organization_role` (
  `org_id` varchar(255) NOT NULL,
  `role_id` varchar(255) NOT NULL,
  PRIMARY KEY (`org_id`,`role_id`),
  KEY `FKCD3E9402A4B8FFF9` (`role_id`),
  KEY `FKCD3E940254C91088` (`org_id`),
  CONSTRAINT `FKCD3E940254C91088` FOREIGN KEY (`org_id`) REFERENCES `organization` (`id`),
  CONSTRAINT `FKCD3E9402A4B8FFF9` FOREIGN KEY (`role_id`) REFERENCES `role` (`id`)
) ENGINE=InnoDB DEFAULT CHARSET=utf8;



# Dump of table privilege
# ------------------------------------------------------------

CREATE TABLE `privilege` (
  `id` varchar(255) NOT NULL,
  `create_date` datetime DEFAULT NULL,
  `enable` tinyint(1) NOT NULL,
  `name` varchar(255) DEFAULT NULL,
  `priority` int(11) NOT NULL,
  `type` int(11) NOT NULL,
  `url` varchar(255) DEFAULT NULL,
  PRIMARY KEY (`id`)
) ENGINE=InnoDB DEFAULT CHARSET=utf8;



# Dump of table purchasing
# ------------------------------------------------------------

CREATE TABLE `purchasing` (
  `id` varchar(255) NOT NULL,
  `actual_shrinkage` varchar(255) DEFAULT NULL,
  `apply_time` datetime DEFAULT NULL,
  `company` varchar(255) DEFAULT NULL,
  `confirm_date` datetime DEFAULT NULL,
  `confirm_name` varchar(255) DEFAULT NULL,
  `confirm_time` datetime DEFAULT NULL,
  `count_detail` text,
  `discharge_recognition` varchar(255) DEFAULT NULL,
  `end_time` datetime DEFAULT NULL,
  `ongoing` tinyint(1) DEFAULT NULL,
  `order_count` varchar(255) DEFAULT NULL,
  `order_name` varchar(255) DEFAULT NULL,
  `order_number` varchar(255) DEFAULT NULL,
  `plan_date` datetime DEFAULT NULL,
  `plan_discharge` varchar(255) DEFAULT NULL,
  `planning_user_name` varchar(255) DEFAULT NULL,
  `serial_number` varchar(255) DEFAULT NULL,
  `start_time` datetime DEFAULT NULL,
  `type_number` varchar(255) DEFAULT NULL,
  `zipper_shrinkage` varchar(255) DEFAULT NULL,
  `planning_user_id` varchar(255) DEFAULT NULL,
  PRIMARY KEY (`id`),
  KEY `FK11BBE57E7F6524F7` (`planning_user_id`),
  CONSTRAINT `FK11BBE57E7F6524F7` FOREIGN KEY (`planning_user_id`) REFERENCES `user` (`id`)
) ENGINE=InnoDB DEFAULT CHARSET=utf8;



# Dump of table purchasing_detail
# ------------------------------------------------------------

CREATE TABLE `purchasing_detail` (
  `id` varchar(255) NOT NULL,
  `actual_entry_count` varchar(255) DEFAULT NULL,
  `actual_entry_time` datetime DEFAULT NULL,
  `actual_purchasing_count` varchar(255) DEFAULT NULL,
  `end_time` datetime DEFAULT NULL,
  `expected_arrival_time` datetime DEFAULT NULL,
  `order_count` varchar(255) DEFAULT NULL,
  `plan_entry_count` varchar(255) DEFAULT NULL,
  `plan_entry_time` datetime DEFAULT NULL,
  `plan_purchasing_count` varchar(255) DEFAULT NULL,
  `process_instance_id` varchar(255) DEFAULT NULL,
  `qualified` tinyint(1) DEFAULT NULL,
  `quality_remark` varchar(255) DEFAULT NULL,
  `reason` varchar(255) DEFAULT NULL,
  `review` tinyint(1) DEFAULT NULL,
  `shrinkage` varchar(255) DEFAULT NULL,
  `special_requirements` varchar(255) DEFAULT NULL,
  `start_time` datetime DEFAULT NULL,
  `warehouse_count` varchar(255) DEFAULT NULL,
  `goods_id` varchar(255) DEFAULT NULL,
  `purchasing_id` varchar(255) DEFAULT NULL,
  `user_id` varchar(255) DEFAULT NULL,
  PRIMARY KEY (`id`),
  KEY `FK75B6A63280387FDB` (`goods_id`),
  KEY `FK75B6A632168C7B9` (`purchasing_id`),
  KEY `FK75B6A63249E3C3D9` (`user_id`),
  CONSTRAINT `FK75B6A63249E3C3D9` FOREIGN KEY (`user_id`) REFERENCES `user` (`id`),
  CONSTRAINT `FK75B6A632168C7B9` FOREIGN KEY (`purchasing_id`) REFERENCES `purchasing` (`id`),
  CONSTRAINT `FK75B6A63280387FDB` FOREIGN KEY (`goods_id`) REFERENCES `goods` (`id`)
) ENGINE=InnoDB DEFAULT CHARSET=utf8;



# Dump of table role
# ------------------------------------------------------------

CREATE TABLE `role` (
  `id` varchar(255) NOT NULL,
  `create_date` datetime DEFAULT NULL,
  `description` varchar(255) DEFAULT NULL,
  `enable` tinyint(1) NOT NULL,
  `name` varchar(255) DEFAULT NULL,
  `type` varchar(255) DEFAULT NULL,
  PRIMARY KEY (`id`)
) ENGINE=InnoDB DEFAULT CHARSET=utf8;

LOCK TABLES `role` WRITE;
/*!40000 ALTER TABLE `role` DISABLE KEYS */;

INSERT INTO `role` (`id`, `create_date`, `description`, `enable`, `name`, `type`)
VALUES
	('1',NULL,'',1,'role_admin',NULL),
	('2',NULL,'',1,'role_planning',NULL),
	('3',NULL,'',1,'role_purchasing',NULL),
	('4',NULL,'',1,'role_warehouse',NULL),
	('5',NULL,'',1,'role_quality',NULL),
	('6',NULL,'',1,'role_technolog',NULL),
	('7',NULL,'',1,'role_leader',NULL),
	('8',NULL,'',1,'role_product',NULL),
	('9',NULL,'',1,'role_normal',NULL);

/*!40000 ALTER TABLE `role` ENABLE KEYS */;
UNLOCK TABLES;


# Dump of table role_privilege
# ------------------------------------------------------------

CREATE TABLE `role_privilege` (
  `role_id` varchar(255) NOT NULL,
  `privilege_id` varchar(255) NOT NULL,
  KEY `FK45FBD6284E61A57B` (`privilege_id`),
  KEY `FK45FBD628A4B8FFF9` (`role_id`),
  CONSTRAINT `FK45FBD628A4B8FFF9` FOREIGN KEY (`role_id`) REFERENCES `role` (`id`),
  CONSTRAINT `FK45FBD6284E61A57B` FOREIGN KEY (`privilege_id`) REFERENCES `privilege` (`id`)
) ENGINE=InnoDB DEFAULT CHARSET=utf8;



# Dump of table user
# ------------------------------------------------------------

CREATE TABLE `user` (
  `id` varchar(255) NOT NULL,
  `account` varchar(255) DEFAULT NULL,
  `create_date` datetime DEFAULT NULL,
  `email` varchar(255) DEFAULT NULL,
  `enable` tinyint(1) NOT NULL,
  `name` varchar(255) DEFAULT NULL,
  `password` varchar(255) DEFAULT NULL,
  `phone` varchar(255) DEFAULT NULL,
  `telephone` varchar(255) DEFAULT NULL,
  `org_id` varchar(255) DEFAULT NULL,
  PRIMARY KEY (`id`),
  KEY `FK36EBCB54C91088` (`org_id`),
  CONSTRAINT `FK36EBCB54C91088` FOREIGN KEY (`org_id`) REFERENCES `organization` (`id`)
) ENGINE=InnoDB DEFAULT CHARSET=utf8;

LOCK TABLES `user` WRITE;
/*!40000 ALTER TABLE `user` DISABLE KEYS */;

INSERT INTO `user` (`id`, `account`, `create_date`, `email`, `enable`, `name`, `password`, `phone`, `telephone`, `org_id`)
VALUES
	('1','admin',NULL,'',0,'','111111','','',NULL),
	('2','jihua',NULL,'',0,'','111111','','',NULL),
	('3','caigou',NULL,'',0,'','111111','','',NULL),
	('4','kuguan',NULL,'',0,'','111111','','',NULL),
	('5','zhijian',NULL,'',0,'','111111','','',NULL),
	('6','jishu',NULL,'',0,'','111111','','',NULL),
	('7','lingdao',NULL,'',0,'','111111','','',NULL),
	('8','shengchan',NULL,'',0,'','111111','','',NULL);

/*!40000 ALTER TABLE `user` ENABLE KEYS */;
UNLOCK TABLES;


# Dump of table user_role
# ------------------------------------------------------------

CREATE TABLE `user_role` (
  `user_id` varchar(255) NOT NULL,
  `role_id` varchar(255) NOT NULL,
  KEY `FK143BF46AA4B8FFF9` (`role_id`),
  KEY `FK143BF46A49E3C3D9` (`user_id`),
  CONSTRAINT `FK143BF46A49E3C3D9` FOREIGN KEY (`user_id`) REFERENCES `user` (`id`),
  CONSTRAINT `FK143BF46AA4B8FFF9` FOREIGN KEY (`role_id`) REFERENCES `role` (`id`)
) ENGINE=InnoDB DEFAULT CHARSET=utf8;

LOCK TABLES `user_role` WRITE;
/*!40000 ALTER TABLE `user_role` DISABLE KEYS */;

INSERT INTO `user_role` (`user_id`, `role_id`)
VALUES
	('1','1'),
	('2','2'),
	('3','3'),
	('5','5'),
	('6','6'),
	('7','7'),
	('8','8'),
	('4','4');

/*!40000 ALTER TABLE `user_role` ENABLE KEYS */;
UNLOCK TABLES;


# Dump of table zipper
# ------------------------------------------------------------

CREATE TABLE `zipper` (
  `id` varchar(255) NOT NULL,
  `material` varchar(255) DEFAULT NULL,
  `model` varchar(255) DEFAULT NULL,
  `name` varchar(255) DEFAULT NULL,
  `number` int(11) DEFAULT NULL,
  `position` varchar(255) DEFAULT NULL,
  `size` varchar(255) DEFAULT NULL,
  `spec` varchar(255) DEFAULT NULL,
  `zipper_count` text,
  `purchasing_id` varchar(255) DEFAULT NULL,
  PRIMARY KEY (`id`),
  KEY `FKD62B7A5C168C7B9` (`purchasing_id`),
  CONSTRAINT `FKD62B7A5C168C7B9` FOREIGN KEY (`purchasing_id`) REFERENCES `purchasing` (`id`)
) ENGINE=InnoDB DEFAULT CHARSET=utf8;




/*!40111 SET SQL_NOTES=@OLD_SQL_NOTES */;
/*!40101 SET SQL_MODE=@OLD_SQL_MODE */;
/*!40014 SET FOREIGN_KEY_CHECKS=@OLD_FOREIGN_KEY_CHECKS */;
/*!40101 SET CHARACTER_SET_CLIENT=@OLD_CHARACTER_SET_CLIENT */;
/*!40101 SET CHARACTER_SET_RESULTS=@OLD_CHARACTER_SET_RESULTS */;
/*!40101 SET COLLATION_CONNECTION=@OLD_COLLATION_CONNECTION */;
