<?xml version="1.0" encoding="UTF-8"?>
<definitions xmlns="http://www.omg.org/spec/BPMN/20100524/MODEL" xmlns:xsi="http://www.w3.org/2001/XMLSchema-instance" xmlns:activiti="http://activiti.org/bpmn" xmlns:bpmndi="http://www.omg.org/spec/BPMN/20100524/DI" xmlns:omgdc="http://www.omg.org/spec/DD/20100524/DC" xmlns:omgdi="http://www.omg.org/spec/DD/20100524/DI" typeLanguage="http://www.w3.org/2001/XMLSchema" expressionLanguage="http://www.w3.org/1999/XPath" targetNamespace="http://www.activiti.org/test">
    <process id="purchasing-flow" name="面辅料采购流程" isExecutable="true">
        <startEvent id="start" name="开始" activiti:initiator="planning" activiti:formKey="planning"></startEvent>
        <userTask id="purchasing" name="采购" activiti:candidateGroups="role_purchasing"></userTask>
        <userTask id="warehouseEntryPlan" name="预入库" activiti:candidateGroups="role_warehouse"></userTask>
        <userTask id="quality" name="检测" activiti:candidateGroups="role_quality"></userTask>
        <exclusiveGateway id="eg1"></exclusiveGateway>
        <endEvent id="end" name="结束"></endEvent>
        <userTask id="tech" name="技术" activiti:candidateGroups="role_technolog"></userTask>
        <userTask id="leaderAudit" name="领导审批" activiti:candidateGroups="role_leader"></userTask>
        <userTask id="warehouseEntryActual" name="入库" activiti:candidateGroups="role_warehouse"></userTask>
        <sequenceFlow id="flow4" sourceRef="warehouseEntryPlan" targetRef="quality"></sequenceFlow>
        <sequenceFlow id="flow5" sourceRef="quality" targetRef="eg1"></sequenceFlow>
        <userTask id="product" name="生产" activiti:candidateGroups="role_product"></userTask>
        <sequenceFlow id="flow12" name="合格" sourceRef="eg1" targetRef="tech">
            <conditionExpression xsi:type="tFormalExpression"><![CDATA[${qualified==true && hasShrinkage == true}]]></conditionExpression>
        </sequenceFlow>
        <sequenceFlow id="flow13" sourceRef="tech" targetRef="product"></sequenceFlow>
        <sequenceFlow id="flow1" sourceRef="start" targetRef="purchasing"></sequenceFlow>
        <sequenceFlow id="flow8" name="重新采购" sourceRef="eg1" targetRef="purchasing">
            <conditionExpression xsi:type="tFormalExpression"><![CDATA[${qualified==false && review==true}]]></conditionExpression>
        </sequenceFlow>
        <sequenceFlow id="flow3" sourceRef="purchasing" targetRef="warehouseEntryPlan"></sequenceFlow>
        <sequenceFlow id="flow7" name="审批" sourceRef="leaderAudit" targetRef="quality"></sequenceFlow>
        <sequenceFlow id="flow11" name="入库" sourceRef="eg1" targetRef="warehouseEntryActual">
            <conditionExpression xsi:type="tFormalExpression"><![CDATA[${qualified==true && hasShrinkage==false}]]></conditionExpression>
        </sequenceFlow>
        <sequenceFlow id="flow15" sourceRef="product" targetRef="warehouseEntryActual"></sequenceFlow>
        <sequenceFlow id="flow14" sourceRef="warehouseEntryActual" targetRef="end"></sequenceFlow>
        <sequenceFlow id="flow6" name="不合格" sourceRef="eg1" targetRef="leaderAudit">
            <conditionExpression xsi:type="tFormalExpression"><![CDATA[${qualified==false && review==false}]]></conditionExpression>
        </sequenceFlow>
    </process>
    <bpmndi:BPMNDiagram id="BPMNDiagram_purchasing-flow">
        <bpmndi:BPMNPlane bpmnElement="purchasing-flow" id="BPMNPlane_purchasing-flow">
            <bpmndi:BPMNShape bpmnElement="product" id="BPMNShape_product">
                <omgdc:Bounds height="40.0" width="72.0" x="812.0" y="315.0"></omgdc:Bounds>
            </bpmndi:BPMNShape>
            <bpmndi:BPMNShape bpmnElement="warehouseEntryPlan" id="BPMNShape_warehouseEntryPlan">
                <omgdc:Bounds height="40.0" width="96.0" x="332.0" y="188.0"></omgdc:Bounds>
            </bpmndi:BPMNShape>
            <bpmndi:BPMNShape bpmnElement="warehouseEntryActual" id="BPMNShape_warehouseEntryActual">
                <omgdc:Bounds height="40.0" width="73.0" x="810.0" y="188.0"></omgdc:Bounds>
            </bpmndi:BPMNShape>
            <bpmndi:BPMNShape bpmnElement="eg1" id="BPMNShape_eg1">
                <omgdc:Bounds height="40.0" width="40.0" x="597.0" y="188.0"></omgdc:Bounds>
            </bpmndi:BPMNShape>
            <bpmndi:BPMNShape bpmnElement="start" id="BPMNShape_start">
                <omgdc:Bounds height="30.0" width="30.0" x="90.0" y="193.0"></omgdc:Bounds>
            </bpmndi:BPMNShape>
            <bpmndi:BPMNShape bpmnElement="quality" id="BPMNShape_quality">
                <omgdc:Bounds height="40.0" width="92.0" x="480.0" y="188.0"></omgdc:Bounds>
            </bpmndi:BPMNShape>
            <bpmndi:BPMNShape bpmnElement="purchasing" id="BPMNShape_purchasing">
                <omgdc:Bounds height="40.0" width="90.0" x="194.0" y="188.0"></omgdc:Bounds>
            </bpmndi:BPMNShape>
            <bpmndi:BPMNShape bpmnElement="tech" id="BPMNShape_tech">
                <omgdc:Bounds height="40.0" width="78.0" x="690.0" y="315.0"></omgdc:Bounds>
            </bpmndi:BPMNShape>
            <bpmndi:BPMNShape bpmnElement="end" id="BPMNShape_end">
                <omgdc:Bounds height="28.0" width="28.0" x="945.0" y="194.0"></omgdc:Bounds>
            </bpmndi:BPMNShape>
            <bpmndi:BPMNShape bpmnElement="leaderAudit" id="BPMNShape_leaderAudit">
                <omgdc:Bounds height="41.0" width="94.0" x="570.0" y="79.0"></omgdc:Bounds>
            </bpmndi:BPMNShape>
            <bpmndi:BPMNEdge bpmnElement="flow12" id="BPMNEdge_flow12">
                <omgdi:waypoint x="626.3723849372385" y="218.6276150627615"></omgdi:waypoint>
                <omgdi:waypoint x="711.3622047244095" y="315.0"></omgdi:waypoint>
            </bpmndi:BPMNEdge>
            <bpmndi:BPMNEdge bpmnElement="flow3" id="BPMNEdge_flow3">
                <omgdi:waypoint x="284.0" y="208.0"></omgdi:waypoint>
                <omgdi:waypoint x="332.0" y="208.0"></omgdi:waypoint>
            </bpmndi:BPMNEdge>
            <bpmndi:BPMNEdge bpmnElement="flow11" id="BPMNEdge_flow11">
                <omgdi:waypoint x="637.0" y="208.0"></omgdi:waypoint>
                <omgdi:waypoint x="810.0" y="208.0"></omgdi:waypoint>
            </bpmndi:BPMNEdge>
            <bpmndi:BPMNEdge bpmnElement="flow5" id="BPMNEdge_flow5">
                <omgdi:waypoint x="572.0" y="208.25136612021856"></omgdi:waypoint>
                <omgdi:waypoint x="597.3901098901099" y="208.3901098901099"></omgdi:waypoint>
            </bpmndi:BPMNEdge>
            <bpmndi:BPMNEdge bpmnElement="flow4" id="BPMNEdge_flow4">
                <omgdi:waypoint x="428.0" y="208.0"></omgdi:waypoint>
                <omgdi:waypoint x="480.0" y="208.0"></omgdi:waypoint>
            </bpmndi:BPMNEdge>
            <bpmndi:BPMNEdge bpmnElement="flow1" id="BPMNEdge_flow1">
                <omgdi:waypoint x="120.0" y="208.0"></omgdi:waypoint>
                <omgdi:waypoint x="194.0" y="208.0"></omgdi:waypoint>
            </bpmndi:BPMNEdge>
            <bpmndi:BPMNEdge bpmnElement="flow7" id="BPMNEdge_flow7">
                <omgdi:waypoint x="570.0" y="99.75"></omgdi:waypoint>
                <omgdi:waypoint x="523.0" y="100.0"></omgdi:waypoint>
                <omgdi:waypoint x="525.4444444444445" y="188.0"></omgdi:waypoint>
            </bpmndi:BPMNEdge>
            <bpmndi:BPMNEdge bpmnElement="flow15" id="BPMNEdge_flow15">
                <omgdi:waypoint x="847.7637795275591" y="315.0"></omgdi:waypoint>
                <omgdi:waypoint x="846.7362204724409" y="228.0"></omgdi:waypoint>
            </bpmndi:BPMNEdge>
            <bpmndi:BPMNEdge bpmnElement="flow6" id="BPMNEdge_flow6">
                <omgdi:waypoint x="617.0" y="188.0"></omgdi:waypoint>
                <omgdi:waypoint x="617.0" y="120.0"></omgdi:waypoint>
            </bpmndi:BPMNEdge>
            <bpmndi:BPMNEdge bpmnElement="flow13" id="BPMNEdge_flow13">
                <omgdi:waypoint x="768.0" y="335.0"></omgdi:waypoint>
                <omgdi:waypoint x="812.0" y="335.0"></omgdi:waypoint>
            </bpmndi:BPMNEdge>
            <bpmndi:BPMNEdge bpmnElement="flow8" id="BPMNEdge_flow8">
                <omgdi:waypoint x="617.4251968503937" y="227.5748031496063"></omgdi:waypoint>
                <omgdi:waypoint x="617.0" y="336.0"></omgdi:waypoint>
                <omgdi:waypoint x="239.0" y="336.0"></omgdi:waypoint>
                <omgdi:waypoint x="239.0" y="228.0"></omgdi:waypoint>
            </bpmndi:BPMNEdge>
            <bpmndi:BPMNEdge bpmnElement="flow14" id="BPMNEdge_flow14">
                <omgdi:waypoint x="883.0" y="208.0"></omgdi:waypoint>
                <omgdi:waypoint x="945.0" y="208.0"></omgdi:waypoint>
            </bpmndi:BPMNEdge>
        </bpmndi:BPMNPlane>
    </bpmndi:BPMNDiagram>
</definitions>